grant_title,id,organization,total_amount,group,Grant start date,start_year
新北市,1,蘿蔔,81.92,low,2/4/2010,2015
台北市,2,蘿蔔,59.68,low,8/3/2009,2015
桃園市,3,蘿蔔,15.35,low,11/12/2009,2015
台中市,4,蘿蔔,74.1,low,3/11/2010,2015
台南市,5,蘿蔔,201.18,low,10/12/2009,2015
高雄市,6,蘿蔔,409.39,low,6/30/2009,2015
宜蘭縣,7,蘿蔔,30.17,low,9/24/2009,2015
新竹縣,8,蘿蔔,48.73,low,10/29/2009,2015
苗栗縣,9,蘿蔔,82.17,low,11/16/2009,2015
彰化縣,10,蘿蔔,339.65,low,10/28/2009,2015
南投縣,11,蘿蔔,99.75,low,11/2/2009,2015
雲林縣,12,蘿蔔,712.72,medium,11/2/2009,2015
嘉義縣,13,蘿蔔,175.78,low,11/2/2009,2015
屏東縣,14,蘿蔔,41.28,low,11/2/2009,2015
台東縣,15,蘿蔔,22.17,low,10/28/2009,2015
花蓮縣,16,蘿蔔,53.05,low,11/10/2009,2015
澎湖縣,17,蘿蔔,5.48,low,11/13/2009,2015
基隆市,18,蘿蔔,0.89,low,11/1/2009,2015
新竹市,19,蘿蔔,2.6,low,3/24/2010,2015
嘉義市,20,蘿蔔,0,low,10/29/2009,2015
金門縣,21,蘿蔔,1.64,low,11/4/2009,2015
連江縣,22,蘿蔔,0,low,10/1/2008,2015
新北市,23,胡蘿蔔,8.17,low,10/30/2009,2015
台北市,24,胡蘿蔔,11.6,low,1/28/2010,2015
桃園市,25,胡蘿蔔,0.77,low,11/17/2009,2015
台中市,26,胡蘿蔔,20.26,low,5/13/2009,2015
台南市,27,胡蘿蔔,634.87,medium,3/1/2008,2015
高雄市,28,胡蘿蔔,2.86,low,10/1/2009,2015
宜蘭縣,29,胡蘿蔔,1.61,low,4/30/2010,2015
新竹縣,30,胡蘿蔔,1.77,low,3/18/2010,2015
苗栗縣,31,胡蘿蔔,0.2,low,11/4/2009,2015
彰化縣,32,胡蘿蔔,597.49,medium,6/19/2009,2015
南投縣,33,胡蘿蔔,0,low,7/22/2009,2015
雲林縣,34,胡蘿蔔,1071.79,high,2/26/2010,2015
嘉義縣,35,胡蘿蔔,1.56,low,7/28/2009,2015
屏東縣,36,胡蘿蔔,0.18,low,11/9/2009,2015
台東縣,37,胡蘿蔔,0.09,low,11/20/2009,2015
花蓮縣,38,胡蘿蔔,1.48,low,11/6/2009,2015
澎湖縣,39,胡蘿蔔,8.7,low,3/1/2008,2015
基隆市,40,胡蘿蔔,0,low,10/9/2009,2015
新竹市,41,胡蘿蔔,0.33,low,10/27/2009,2015
嘉義市,42,胡蘿蔔,0,low,7/1/2008,2015
金門縣,43,胡蘿蔔,0.64,low,8/29/2009,2015
連江縣,44,胡蘿蔔,0,low,3/2/2009,2015
新北市,45,其他根菜類,1.12,low,9/29/2009,2015
台北市,46,其他根菜類,0,low,1/1/2009,2015
桃園市,47,其他根菜類,0,low,2/25/2010,2015
台中市,48,其他根菜類,3.88,low,10/1/2008,2015
台南市,49,其他根菜類,40.04,low,12/1/2008,2015
高雄市,50,其他根菜類,124.42,low,9/10/2009,2015
宜蘭縣,51,其他根菜類,2.67,low,3/26/2009,2015
新竹縣,52,其他根菜類,0,low,5/18/2009,2015
苗栗縣,53,其他根菜類,0,low,6/23/2009,2015
彰化縣,54,其他根菜類,9.33,low,11/21/2009,2015
南投縣,55,其他根菜類,0,low,10/1/2008,2015
雲林縣,56,其他根菜類,167.85,low,11/10/2009,2015
嘉義縣,57,其他根菜類,188.95,low,11/6/2009,2015
屏東縣,58,其他根菜類,121.89,low,6/1/2008,2015
台東縣,59,其他根菜類,0.2,low,11/10/2009,2015
花蓮縣,60,其他根菜類,0.04,low,10/1/2008,2015
澎湖縣,61,其他根菜類,0,low,11/19/2009,2015
基隆市,62,其他根菜類,0,low,11/19/2009,2015
新竹市,63,其他根菜類,0,low,11/19/2009,2015
嘉義市,64,其他根菜類,0,low,11/19/2009,2015
金門縣,65,其他根菜類,0,low,11/19/2009,2015
連江縣,66,其他根菜類,0,low,1/8/2009,2015
新北市,67,薑,6.43,low,2/19/2010,2015
台北市,68,薑,2.17,low,5/1/2008,2015
桃園市,69,薑,7.64,low,9/17/2008,2015
台中市,70,薑,56.52,low,11/10/2009,2015
台南市,71,薑,2.6,low,12/1/2008,2015
高雄市,72,薑,32.9,low,11/11/2009,2015
宜蘭縣,73,薑,48.83,low,12/17/2009,2015
新竹縣,74,薑,16.39,low,6/1/2008,2015
苗栗縣,75,薑,88.29,low,11/13/2009,2015
彰化縣,76,薑,0.36,low,10/22/2009,2015
南投縣,77,薑,219.66,low,3/1/2008,2015
雲林縣,78,薑,33.02,low,3/1/2008,2015
嘉義縣,79,薑,32.21,low,10/26/2009,2015
屏東縣,80,薑,10.41,low,10/30/2009,2015
台東縣,81,薑,274.95,low,6/15/2009,2015
花蓮縣,82,薑,29.39,low,3/18/2010,2015
澎湖縣,83,薑,0,low,8/28/2009,2015
基隆市,84,薑,0,low,9/21/2009,2015
新竹市,85,薑,0,low,11/1/2009,2015
嘉義市,86,薑,1,low,9/29/2009,2015
金門縣,87,薑,0.02,low,10/15/2009,2015
連江縣,88,薑,0,low,11/4/2009,2015
新北市,89,芋,79.65,low,11/1/2008,2015
台北市,90,芋,3.5,low,8/28/2009,2015
桃園市,91,芋,2.3,low,10/26/2009,2015
台中市,92,芋,774.85,medium,3/6/2009,2015
台南市,93,芋,83.51,low,10/22/2008,2015
高雄市,94,芋,61.37,low,10/26/2009,2015
宜蘭縣,95,芋,25.81,low,11/8/2009,2015
新竹縣,96,芋,20.29,low,11/13/2009,2015
苗栗縣,97,芋,576.31,medium,11/5/2009,2015
彰化縣,98,芋,26.1,low,7/16/2009,2015
南投縣,99,芋,19.25,low,5/1/2008,2015
雲林縣,100,芋,77.36,low,3/18/2010,2015
嘉義縣,101,芋,40.35,low,7/1/2008,2015
屏東縣,102,芋,423.86,low,10/13/2009,2015
台東縣,103,芋,103.29,low,9/1/2008,2015
花蓮縣,104,芋,121.65,low,12/1/2008,2015
澎湖縣,105,芋,0.15,low,5/1/2008,2015
基隆市,106,芋,0.04,low,9/1/2008,2015
新竹市,107,芋,4.32,low,11/1/2008,2015
嘉義市,108,芋,1.56,low,11/5/2009,2015
金門縣,109,芋,23.02,low,10/30/2009,2015
連江縣,110,芋,0,low,1/1/2009,2015
新北市,111,馬鈴薯,0.05,low,9/1/2008,2015
台北市,112,馬鈴薯,0,low,10/1/2009,2015
桃園市,113,馬鈴薯,0,low,5/1/2008,2015
台中市,114,馬鈴薯,474.34,low,8/31/2009,2015
台南市,115,馬鈴薯,76.56,low,7/1/2008,2015
高雄市,116,馬鈴薯,0,low,5/1/2008,2015
宜蘭縣,117,馬鈴薯,0,low,8/1/2008,2015
新竹縣,118,馬鈴薯,0.1,low,11/4/2009,2015
苗栗縣,119,馬鈴薯,3.5,low,5/11/2009,2015
彰化縣,120,馬鈴薯,2.24,low,7/1/2008,2015
南投縣,121,馬鈴薯,0.5,low,5/5/2009,2015
雲林縣,122,馬鈴薯,1326.2,high,11/16/2009,2015
嘉義縣,123,馬鈴薯,623.56,medium,5/1/2008,2015
屏東縣,124,馬鈴薯,0,low,9/1/2008,2015
台東縣,125,馬鈴薯,0,low,3/1/2008,2015
花蓮縣,126,馬鈴薯,0.7,low,3/11/2009,2015
澎湖縣,127,馬鈴薯,0,low,11/7/2009,2015
基隆市,128,馬鈴薯,0,low,11/11/2009,2015
新竹市,129,馬鈴薯,0,low,5/5/2009,2015
嘉義市,130,馬鈴薯,8,low,7/1/2008,2015
金門縣,131,馬鈴薯,2.41,low,5/1/2008,2015
連江縣,132,馬鈴薯,0,low,11/10/2009,2015
新北市,133,蔥,96.43,low,7/1/2008,2015
台北市,134,蔥,10.35,low,4/25/2009,2015
桃園市,135,蔥,26.51,low,11/1/2008,2015
台中市,136,蔥,121.08,low,10/26/2009,2015
台南市,137,蔥,34.47,low,3/1/2008,2015
高雄市,138,蔥,177.54,low,11/13/2009,2015
宜蘭縣,139,蔥,678.66,medium,7/1/2008,2015
新竹縣,140,蔥,39.19,low,11/10/2009,2015
苗栗縣,141,蔥,54.2,low,11/3/2009,2015
彰化縣,142,蔥,1643.5,high,8/27/2009,2015
南投縣,143,蔥,13.2,low,10/10/2009,2015
雲林縣,144,蔥,1426.21,high,4/8/2010,2015
嘉義縣,145,蔥,85.16,low,11/3/2009,2015
屏東縣,146,蔥,57.01,low,11/18/2009,2015
台東縣,147,蔥,11.72,low,10/9/2009,2015
花蓮縣,148,蔥,56.83,low,1/1/2009,2015
澎湖縣,149,蔥,24.21,low,11/12/2009,2015
基隆市,150,蔥,0.48,low,11/1/2008,2015
新竹市,151,蔥,5.07,low,1/21/2010,2015
嘉義市,152,蔥,0.53,low,7/18/2009,2015
金門縣,153,蔥,1.59,low,3/1/2008,2015
連江縣,154,蔥,0,low,6/26/2009,2015
新北市,155,蔥頭,0,low,1/15/2009,2015
台北市,156,蔥頭,0,low,7/10/2009,2015
桃園市,157,蔥頭,0,low,10/22/2009,2015
台中市,158,蔥頭,0.15,low,9/8/2009,2015
台南市,159,蔥頭,912.78,medium,11/1/2008,2015
高雄市,160,蔥頭,0.01,low,11/5/2009,2015
宜蘭縣,161,蔥頭,0.6,low,1/1/2008,2015
新竹縣,162,蔥頭,0.01,low,3/1/2008,2015
苗栗縣,163,蔥頭,0,low,7/1/2008,2015
彰化縣,164,蔥頭,0.29,low,12/1/2008,2015
南投縣,165,蔥頭,0,low,11/1/2008,2015
雲林縣,166,蔥頭,51.63,low,11/18/2009,2015
嘉義縣,167,蔥頭,74.69,low,5/1/2008,2015
屏東縣,168,蔥頭,0,low,11/18/2009,2015
台東縣,169,蔥頭,0.6,low,9/1/2008,2015
花蓮縣,170,蔥頭,0.1,low,10/12/2009,2015
澎湖縣,171,蔥頭,0,low,5/1/2008,2015
基隆市,172,蔥頭,0,low,1/4/2010,2015
新竹市,173,蔥頭,0,low,11/19/2009,2015
嘉義市,174,蔥頭,0,low,5/22/2009,2015
金門縣,175,蔥頭,0,low,9/3/2009,2015
連江縣,176,蔥頭,0,low,9/14/2009,2015
新北市,177,洋蔥,0,low,11/1/2009,2015
台北市,178,洋蔥,0,low,2/4/2010,2015
桃園市,179,洋蔥,0,low,10/29/2009,2015
台中市,180,洋蔥,0.25,low,10/19/2009,2015
台南市,181,洋蔥,9.17,low,11/14/2009,2015
高雄市,182,洋蔥,63.66,low,9/1/2008,2015
宜蘭縣,183,洋蔥,0,low,9/1/2009,2015
新竹縣,184,洋蔥,0,low,5/15/2008,2015
苗栗縣,185,洋蔥,0,low,10/5/2009,2015
彰化縣,186,洋蔥,302.66,low,5/1/2008,2015
南投縣,187,洋蔥,0,low,3/1/2008,2015
雲林縣,188,洋蔥,198.79,low,10/19/2009,2015
嘉義縣,189,洋蔥,86.04,low,3/1/2008,2015
屏東縣,190,洋蔥,404.44,low,11/3/2009,2015
台東縣,191,洋蔥,28.55,low,5/1/2009,2015
花蓮縣,192,洋蔥,0,low,11/3/2009,2015
澎湖縣,193,洋蔥,0,low,11/1/2008,2015
基隆市,194,洋蔥,0,low,9/1/2008,2015
新竹市,195,洋蔥,0,low,9/17/2009,2015
嘉義市,196,洋蔥,0,low,9/1/2008,2015
金門縣,197,洋蔥,0,low,11/19/2009,2015
連江縣,198,洋蔥,0,low,3/19/2008,2015
新北市,199,韭菜,25.93,low,5/1/2008,2015
台北市,200,韭菜,0.05,low,4/20/2009,2015
桃園市,201,韭菜,64.64,low,11/20/2009,2015
台中市,202,韭菜,18.44,low,8/22/2009,2015
台南市,203,韭菜,1.88,low,5/1/2008,2015
高雄市,204,韭菜,8.29,low,11/12/2009,2015
宜蘭縣,205,韭菜,37.03,low,1/4/2010,2015
新竹縣,206,韭菜,7.18,low,10/20/2009,2015
苗栗縣,207,韭菜,2.54,low,10/21/2009,2015
彰化縣,208,韭菜,654.13,medium,9/1/2008,2015
南投縣,209,韭菜,0.45,low,10/8/2008,2015
雲林縣,210,韭菜,1.91,low,9/1/2008,2015
嘉義縣,211,韭菜,0.4,low,8/28/2009,2015
屏東縣,212,韭菜,14.2,low,9/1/2008,2015
台東縣,213,韭菜,5.5,low,11/1/2008,2015
花蓮縣,214,韭菜,63.4,low,10/1/2008,2015
澎湖縣,215,韭菜,0.05,low,11/20/2009,2015
基隆市,216,韭菜,0.6,low,10/1/2008,2015
新竹市,217,韭菜,0.12,low,5/1/2008,2015
嘉義市,218,韭菜,0,low,9/1/2008,2015
金門縣,219,韭菜,0,low,11/4/2009,2015
連江縣,220,韭菜,0,low,7/15/2009,2015
新北市,221,蒜,20.09,low,9/25/2009,2015
台北市,222,蒜,0.84,low,11/1/2008,2015
桃園市,223,蒜,3.83,low,5/1/2008,2015
台中市,224,蒜,11.5,low,9/25/2009,2015
台南市,225,蒜,1.42,low,10/1/2008,2015
高雄市,226,蒜,2.71,low,12/1/2008,2015
宜蘭縣,227,蒜,145.3,low,11/18/2009,2015
新竹縣,228,蒜,9.29,low,5/1/2008,2015
苗栗縣,229,蒜,12.09,low,7/1/2008,2015
彰化縣,230,蒜,103.88,low,2/15/2008,2015
南投縣,231,蒜,127.56,low,12/1/2008,2015
雲林縣,232,蒜,217.51,low,1/1/2009,2015
嘉義縣,233,蒜,22.24,low,9/30/2009,2015
屏東縣,234,蒜,0.1,low,7/1/2008,2015
台東縣,235,蒜,2.61,low,11/1/2008,2015
花蓮縣,236,蒜,5.6,low,11/12/2009,2015
澎湖縣,237,蒜,2.7,low,11/5/2009,2015
基隆市,238,蒜,0,low,10/1/2008,2015
新竹市,239,蒜,0.62,low,7/1/2008,2015
嘉義市,240,蒜,0.05,low,7/29/2009,2015
金門縣,241,蒜,1.7,low,11/20/2009,2015
連江縣,242,蒜,0,low,11/10/2008,2015
新北市,243,蒜頭,0,low,7/10/2009,2015
台北市,244,蒜頭,0,low,11/1/2008,2015
桃園市,245,蒜頭,0,low,11/1/2008,2015
台中市,246,蒜頭,0,low,7/1/2009,2015
台南市,247,蒜頭,275.61,low,3/1/2008,2015
高雄市,248,蒜頭,0.03,low,1/4/2010,2015
宜蘭縣,249,蒜頭,1.89,low,1/13/2010,2015
新竹縣,250,蒜頭,0.24,low,2/1/2008,2015
苗栗縣,251,蒜頭,0,low,6/17/2009,2015
彰化縣,252,蒜頭,185.09,low,11/18/2009,2015
南投縣,253,蒜頭,0,low,11/19/2009,2015
雲林縣,254,蒜頭,3650.75,high,11/19/2009,2015
嘉義縣,255,蒜頭,30.3,low,11/19/2009,2015
屏東縣,256,蒜頭,0,low,2/4/2010,2015
台東縣,257,蒜頭,2.14,low,8/3/2009,2015
花蓮縣,258,蒜頭,0.4,low,11/12/2009,2015
澎湖縣,259,蒜頭,0,low,3/11/2010,2015
基隆市,260,蒜頭,0.02,low,10/12/2009,2015
新竹市,261,蒜頭,0,low,6/30/2009,2015
嘉義市,262,蒜頭,0,low,9/24/2009,2015
金門縣,263,蒜頭,1.59,low,10/29/2009,2015
連江縣,264,蒜頭,0,low,11/16/2009,2015
新北市,265,荸薺,0,low,10/28/2009,2015
台北市,266,荸薺,0,low,11/2/2009,2015
桃園市,267,荸薺,0,low,11/2/2009,2015
台中市,268,荸薺,0,low,11/2/2009,2015
台南市,269,荸薺,0,low,11/2/2009,2015
高雄市,270,荸薺,0,low,10/28/2009,2015
宜蘭縣,271,荸薺,0,low,11/10/2009,2015
新竹縣,272,荸薺,0,low,11/13/2009,2015
苗栗縣,273,荸薺,0,low,11/1/2009,2015
彰化縣,274,荸薺,6.37,low,3/24/2010,2015
南投縣,275,荸薺,0,low,10/29/2009,2015
雲林縣,276,荸薺,0,low,11/4/2009,2015
嘉義縣,277,荸薺,3.7,low,10/1/2008,2015
屏東縣,278,荸薺,0,low,10/30/2009,2015
台東縣,279,荸薺,0,low,1/28/2010,2015
花蓮縣,280,荸薺,0,low,11/17/2009,2015
澎湖縣,281,荸薺,0,low,5/13/2009,2015
基隆市,282,荸薺,0,low,3/1/2008,2015
新竹市,283,荸薺,0,low,10/1/2009,2015
嘉義市,284,荸薺,0,low,4/30/2010,2015
金門縣,285,荸薺,0,low,3/18/2010,2015
連江縣,286,荸薺,0,low,11/4/2009,2015
新北市,287,竹筍,3070.82,high,6/19/2009,2015
台北市,288,竹筍,715.65,medium,7/22/2009,2015
桃園市,289,竹筍,931.33,medium,2/26/2010,2015
台中市,290,竹筍,1065.22,high,7/28/2009,2015
台南市,291,竹筍,3855.32,high,11/9/2009,2015
高雄市,292,竹筍,1698.93,high,11/20/2009,2015
宜蘭縣,293,竹筍,248.23,low,11/6/2009,2015
新竹縣,294,竹筍,371.24,low,3/1/2008,2015
苗栗縣,295,竹筍,2430.66,high,10/9/2009,2015
彰化縣,296,竹筍,326.12,low,10/27/2009,2015
南投縣,297,竹筍,2305,high,7/1/2008,2015
雲林縣,298,竹筍,3730.02,high,8/29/2009,2015
嘉義縣,299,竹筍,4317.04,high,3/2/2009,2015
屏東縣,300,竹筍,428.86,low,9/29/2009,2015
台東縣,301,竹筍,232.97,low,1/1/2009,2015
花蓮縣,302,竹筍,685.17,medium,2/25/2010,2015
澎湖縣,303,竹筍,0,low,10/1/2008,2015
基隆市,304,竹筍,138.13,low,12/1/2008,2015
新竹市,305,竹筍,22.72,low,9/10/2009,2015
嘉義市,306,竹筍,85.27,low,3/26/2009,2015
金門縣,307,竹筍,0,low,5/18/2009,2015
連江縣,308,竹筍,0,low,6/23/2009,2015
新北市,309,蘆筍,0.72,low,11/21/2009,2015
台北市,310,蘆筍,0,low,10/1/2008,2015
桃園市,311,蘆筍,0,low,11/10/2009,2015
台中市,312,蘆筍,17.41,low,11/6/2009,2015
台南市,313,蘆筍,102.9,low,6/1/2008,2015
高雄市,314,蘆筍,9.89,low,11/10/2009,2015
宜蘭縣,315,蘆筍,0.3,low,10/1/2008,2015
新竹縣,316,蘆筍,0.13,low,11/19/2009,2015
苗栗縣,317,蘆筍,0.6,low,11/19/2009,2015
彰化縣,318,蘆筍,288.71,low,11/19/2009,2015
南投縣,319,蘆筍,3.1,low,11/19/2009,2015
雲林縣,320,蘆筍,39.35,low,11/19/2009,2015
嘉義縣,321,蘆筍,86.38,low,1/8/2009,2015
屏東縣,322,蘆筍,19.67,low,2/19/2010,2015
台東縣,323,蘆筍,1.7,low,5/1/2008,2015
花蓮縣,324,蘆筍,1.69,low,9/17/2008,2015
澎湖縣,325,蘆筍,0,low,11/10/2009,2015
基隆市,326,蘆筍,0,low,12/1/2008,2015
新竹市,327,蘆筍,0.01,low,11/11/2009,2015
嘉義市,328,蘆筍,2.5,low,12/17/2009,2015
金門縣,329,蘆筍,0,low,6/1/2008,2015
連江縣,330,蘆筍,0,low,11/13/2009,2015
新北市,331,筊白筍,149.82,low,10/22/2009,2015
台北市,332,筊白筍,6.66,low,3/1/2008,2015
桃園市,333,筊白筍,33.43,low,3/1/2008,2015
台中市,334,筊白筍,11.11,low,10/26/2009,2015
台南市,335,筊白筍,0.57,low,10/30/2009,2015
高雄市,336,筊白筍,0.2,low,6/15/2009,2015
宜蘭縣,337,筊白筍,35.99,low,3/18/2010,2015
新竹縣,338,筊白筍,12.44,low,8/28/2009,2015
苗栗縣,339,筊白筍,4.32,low,9/21/2009,2015
彰化縣,340,筊白筍,1.97,low,11/1/2009,2015
南投縣,341,筊白筍,1616.38,high,9/29/2009,2015
雲林縣,342,筊白筍,0.06,low,10/15/2009,2015
嘉義縣,343,筊白筍,2.98,low,11/4/2009,2015
屏東縣,344,筊白筍,0.75,low,11/1/2008,2015
台東縣,345,筊白筍,1.5,low,8/28/2009,2015
花蓮縣,346,筊白筍,8.01,low,10/26/2009,2015
澎湖縣,347,筊白筍,0,low,3/6/2009,2015
基隆市,348,筊白筍,0,low,10/22/2008,2015
新竹市,349,筊白筍,2.91,low,10/26/2009,2015
嘉義市,350,筊白筍,0.05,low,11/8/2009,2015
金門縣,351,筊白筍,0,low,11/13/2009,2015
連江縣,352,筊白筍,0,low,11/5/2009,2015
新北市,353,其他莖菜類,20.42,low,7/16/2009,2015
台北市,354,其他莖菜類,38.04,low,5/1/2008,2015
桃園市,355,其他莖菜類,95.44,low,3/18/2010,2015
台中市,356,其他莖菜類,7.39,low,7/1/2008,2015
台南市,357,其他莖菜類,531.57,medium,10/13/2009,2015
高雄市,358,其他莖菜類,194.08,low,9/1/2008,2015
宜蘭縣,359,其他莖菜類,18.8,low,12/1/2008,2015
新竹縣,360,其他莖菜類,11.72,low,5/1/2008,2015
苗栗縣,361,其他莖菜類,76.33,low,9/1/2008,2015
彰化縣,362,其他莖菜類,243.72,low,11/1/2008,2015
南投縣,363,其他莖菜類,10.25,low,11/5/2009,2015
雲林縣,364,其他莖菜類,306.68,low,10/30/2009,2015
嘉義縣,365,其他莖菜類,183.22,low,1/1/2009,2015
屏東縣,366,其他莖菜類,8.99,low,9/1/2008,2015
台東縣,367,其他莖菜類,9.3,low,10/1/2009,2015
花蓮縣,368,其他莖菜類,62.28,low,5/1/2008,2015
澎湖縣,369,其他莖菜類,8.88,low,8/31/2009,2015
基隆市,370,其他莖菜類,0.09,low,7/1/2008,2015
新竹市,371,其他莖菜類,1.72,low,5/1/2008,2015
嘉義市,372,其他莖菜類,2.54,low,8/1/2008,2015
金門縣,373,其他莖菜類,0.11,low,11/4/2009,2015
連江縣,374,其他莖菜類,0,low,5/11/2009,2015
新北市,375,甘藍,103.71,low,7/1/2008,2015
台北市,376,甘藍,52.13,low,5/5/2009,2015
桃園市,377,甘藍,84.51,low,11/16/2009,2015
台中市,378,甘藍,595.6,medium,5/1/2008,2015
台南市,379,甘藍,407.91,low,9/1/2008,2015
高雄市,380,甘藍,165.08,low,3/1/2008,2015
宜蘭縣,381,甘藍,1244.51,high,3/11/2009,2015
新竹縣,382,甘藍,129.03,low,11/7/2009,2015
苗栗縣,383,甘藍,123.46,low,11/11/2009,2015
彰化縣,384,甘藍,992.61,medium,5/5/2009,2015
南投縣,385,甘藍,616.46,medium,7/1/2008,2015
雲林縣,386,甘藍,1794.26,high,5/1/2008,2015
嘉義縣,387,甘藍,362.7,low,11/10/2009,2015
屏東縣,388,甘藍,310.04,low,7/1/2008,2015
台東縣,389,甘藍,211.69,low,4/25/2009,2015
花蓮縣,390,甘藍,178.43,low,11/1/2008,2015
澎湖縣,391,甘藍,28.46,low,10/26/2009,2015
基隆市,392,甘藍,0.58,low,3/1/2008,2015
新竹市,393,甘藍,6.81,low,11/13/2009,2015
嘉義市,394,甘藍,1.8,low,7/1/2008,2015
金門縣,395,甘藍,5.28,low,11/10/2009,2015
連江縣,396,甘藍,0,low,11/3/2009,2015
新北市,397,大芥菜,55.87,low,8/27/2009,2015
台北市,398,大芥菜,52.61,low,10/10/2009,2015
桃園市,399,大芥菜,24.9,low,4/8/2010,2015
台中市,400,大芥菜,5.11,low,11/3/2009,2015
台南市,401,大芥菜,176.72,low,11/18/2009,2015
高雄市,402,大芥菜,33.25,low,10/9/2009,2015
宜蘭縣,403,大芥菜,5.09,low,1/1/2009,2015
新竹縣,404,大芥菜,37.07,low,11/12/2009,2015
苗栗縣,405,大芥菜,39.98,low,11/1/2008,2015
彰化縣,406,大芥菜,65.2,low,1/21/2010,2015
南投縣,407,大芥菜,1.99,low,7/18/2009,2015
雲林縣,408,大芥菜,215.51,low,3/1/2008,2015
嘉義縣,409,大芥菜,509.41,medium,6/26/2009,2015
屏東縣,410,大芥菜,1.87,low,1/15/2009,2015
台東縣,411,大芥菜,1.3,low,7/10/2009,2015
花蓮縣,412,大芥菜,31.28,low,10/22/2009,2015
澎湖縣,413,大芥菜,2,low,9/8/2009,2015
基隆市,414,大芥菜,1,low,11/1/2008,2015
新竹市,415,大芥菜,1.7,low,11/5/2009,2015
嘉義市,416,大芥菜,2.32,low,1/1/2008,2015
金門縣,417,大芥菜,0.13,low,3/1/2008,2015
連江縣,418,大芥菜,0,low,7/1/2008,2015
新北市,419,結球白菜,37.25,low,12/1/2008,2015
台北市,420,結球白菜,54.2,low,11/1/2008,2015
桃園市,421,結球白菜,15.43,low,11/18/2009,2015
台中市,422,結球白菜,28.25,low,5/1/2008,2015
台南市,423,結球白菜,9.47,low,11/18/2009,2015
高雄市,424,結球白菜,26.09,low,9/1/2008,2015
宜蘭縣,425,結球白菜,114.3,low,10/12/2009,2015
新竹縣,426,結球白菜,26.48,low,5/1/2008,2015
苗栗縣,427,結球白菜,11.74,low,1/4/2010,2015
彰化縣,428,結球白菜,497.13,low,11/19/2009,2015
南投縣,429,結球白菜,35.4,low,5/22/2009,2015
雲林縣,430,結球白菜,813.91,medium,9/3/2009,2015
嘉義縣,431,結球白菜,81.67,low,9/14/2009,2015
屏東縣,432,結球白菜,65.98,low,11/1/2009,2015
台東縣,433,結球白菜,28.93,low,2/4/2010,2015
花蓮縣,434,結球白菜,102.63,low,10/29/2009,2015
澎湖縣,435,結球白菜,0,low,10/19/2009,2015
基隆市,436,結球白菜,0.01,low,11/14/2009,2015
新竹市,437,結球白菜,1.25,low,9/1/2008,2015
嘉義市,438,結球白菜,1.1,low,9/1/2009,2015
金門縣,439,結球白菜,4.07,low,5/15/2008,2015
連江縣,440,結球白菜,0,low,10/5/2009,2015
新北市,441,不結球白菜,233.96,low,5/1/2008,2015
台北市,442,不結球白菜,99.91,low,3/1/2008,2015
桃園市,443,不結球白菜,488.72,low,10/19/2009,2015
台中市,444,不結球白菜,10.78,low,3/1/2008,2015
台南市,445,不結球白菜,185.25,low,11/3/2009,2015
高雄市,446,不結球白菜,304.99,low,5/1/2009,2015
宜蘭縣,447,不結球白菜,4.73,low,11/3/2009,2015
新竹縣,448,不結球白菜,24.56,low,11/1/2008,2015
苗栗縣,449,不結球白菜,47.26,low,9/1/2008,2015
彰化縣,450,不結球白菜,64.84,low,9/17/2009,2015
南投縣,451,不結球白菜,0.4,low,9/1/2008,2015
雲林縣,452,不結球白菜,2452.79,high,11/19/2009,2015
嘉義縣,453,不結球白菜,9.32,low,3/19/2008,2015
屏東縣,454,不結球白菜,46.19,low,5/1/2008,2015
台東縣,455,不結球白菜,6.92,low,4/20/2009,2015
花蓮縣,456,不結球白菜,154.09,low,11/20/2009,2015
澎湖縣,457,不結球白菜,36.41,low,8/22/2009,2015
基隆市,458,不結球白菜,0.3,low,5/1/2008,2015
新竹市,459,不結球白菜,1.56,low,11/12/2009,2015
嘉義市,460,不結球白菜,0,low,1/4/2010,2015
金門縣,461,不結球白菜,2.72,low,10/20/2009,2015
連江縣,462,不結球白菜,0,low,10/21/2009,2015
新北市,463,甕菜,121.89,low,9/1/2008,2015
台北市,464,甕菜,51.97,low,10/8/2008,2015
桃園市,465,甕菜,204.85,low,9/1/2008,2015
台中市,466,甕菜,124.2,low,8/28/2009,2015
台南市,467,甕菜,96.57,low,9/1/2008,2015
高雄市,468,甕菜,68.47,low,11/1/2008,2015
宜蘭縣,469,甕菜,13,low,10/1/2008,2015
新竹縣,470,甕菜,15.6,low,11/20/2009,2015
苗栗縣,471,甕菜,2.8,low,10/1/2008,2015
彰化縣,472,甕菜,35.52,low,5/1/2008,2015
南投縣,473,甕菜,30.41,low,9/1/2008,2015
雲林縣,474,甕菜,1057.76,high,11/4/2009,2015
嘉義縣,475,甕菜,41.1,low,7/15/2009,2015
屏東縣,476,甕菜,24.14,low,9/25/2009,2015
台東縣,477,甕菜,0.54,low,11/1/2008,2015
花蓮縣,478,甕菜,14.79,low,5/1/2008,2015
澎湖縣,479,甕菜,6.42,low,9/25/2009,2015
基隆市,480,甕菜,0.14,low,10/1/2008,2015
新竹市,481,甕菜,0.97,low,12/1/2008,2015
嘉義市,482,甕菜,0,low,11/18/2009,2015
金門縣,483,甕菜,0.61,low,5/1/2008,2015
連江縣,484,甕菜,0,low,7/1/2008,2015
新北市,485,芹菜,23.86,low,2/15/2008,2015
台北市,486,芹菜,16.87,low,12/1/2008,2015
桃園市,487,芹菜,11.83,low,1/1/2009,2015
台中市,488,芹菜,0.15,low,9/30/2009,2015
台南市,489,芹菜,11.07,low,7/1/2008,2015
高雄市,490,芹菜,105.71,low,11/1/2008,2015
宜蘭縣,491,芹菜,1.19,low,11/12/2009,2015
新竹縣,492,芹菜,6.65,low,11/5/2009,2015
苗栗縣,493,芹菜,8.18,low,10/1/2008,2015
彰化縣,494,芹菜,177.75,low,7/1/2008,2015
南投縣,495,芹菜,0,low,7/29/2009,2015
雲林縣,496,芹菜,629.61,medium,11/20/2009,2015
嘉義縣,497,芹菜,3.91,low,11/10/2008,2015
屏東縣,498,芹菜,20.42,low,7/10/2009,2015
台東縣,499,芹菜,1.2,low,11/1/2008,2015
花蓮縣,500,芹菜,3.43,low,11/1/2008,2015
澎湖縣,501,芹菜,1.53,low,7/1/2009,2015
基隆市,502,芹菜,0.02,low,3/1/2008,2015
新竹市,503,芹菜,1.12,low,1/4/2010,2015
嘉義市,504,芹菜,0,low,1/13/2010,2015
金門縣,505,芹菜,0.57,low,2/1/2008,2015
連江縣,506,芹菜,0,low,6/17/2009,2015
新北市,507,其他葉菜類,923.15,medium,11/18/2009,2015
台北市,508,其他葉菜類,326.84,low,11/19/2009,2015
桃園市,509,其他葉菜類,2855.36,high,11/19/2009,2015
台中市,510,其他葉菜類,331.18,low,11/19/2009,2015
台南市,511,其他葉菜類,332.6,low,2/4/2010,2015
高雄市,512,其他葉菜類,719.48,medium,8/3/2009,2015
宜蘭縣,513,其他葉菜類,371.99,low,11/12/2009,2015
新竹縣,514,其他葉菜類,204.04,low,3/11/2010,2015
苗栗縣,515,其他葉菜類,294.51,low,10/12/2009,2015
彰化縣,516,其他葉菜類,544.81,medium,6/30/2009,2015
南投縣,517,其他葉菜類,318.61,low,9/24/2009,2015
雲林縣,518,其他葉菜類,8972.93,high,10/29/2009,2015
嘉義縣,519,其他葉菜類,548.57,medium,11/16/2009,2015
屏東縣,520,其他葉菜類,692.78,medium,10/28/2009,2015
台東縣,521,其他葉菜類,65.01,low,11/2/2009,2015
花蓮縣,522,其他葉菜類,763.61,medium,11/2/2009,2015
澎湖縣,523,其他葉菜類,12.38,low,11/2/2009,2015
基隆市,524,其他葉菜類,4.42,low,11/2/2009,2015
新竹市,525,其他葉菜類,13.3,low,10/28/2009,2015
嘉義市,526,其他葉菜類,1.7,low,11/10/2009,2015
金門縣,527,其他葉菜類,1.47,low,11/13/2009,2015
連江縣,528,其他葉菜類,0,low,11/1/2009,2015
新北市,529,花椰菜,29.81,low,3/24/2010,2015
台北市,530,花椰菜,8.44,low,10/29/2009,2015
桃園市,531,花椰菜,6.36,low,11/4/2009,2015
台中市,532,花椰菜,8.55,low,10/1/2008,2015
台南市,533,花椰菜,65.63,low,10/30/2009,2015
高雄市,534,花椰菜,487.72,low,1/28/2010,2015
宜蘭縣,535,花椰菜,4.72,low,11/17/2009,2015
新竹縣,536,花椰菜,14.04,low,5/13/2009,2015
苗栗縣,537,花椰菜,27.53,low,3/1/2008,2015
彰化縣,538,花椰菜,1064.23,high,10/1/2009,2015
南投縣,539,花椰菜,3.7,low,4/30/2010,2015
雲林縣,540,花椰菜,638.51,medium,3/18/2010,2015
嘉義縣,541,花椰菜,868.51,medium,11/4/2009,2015
屏東縣,542,花椰菜,3.36,low,6/19/2009,2015
台東縣,543,花椰菜,16.87,low,7/22/2009,2015
花蓮縣,544,花椰菜,15.35,low,2/26/2010,2015
澎湖縣,545,花椰菜,21.05,low,7/28/2009,2015
基隆市,546,花椰菜,0,low,11/9/2009,2015
新竹市,547,花椰菜,2.62,low,11/20/2009,2015
嘉義市,548,花椰菜,0.8,low,11/6/2009,2015
金門縣,549,花椰菜,2.73,low,3/1/2008,2015
連江縣,550,花椰菜,0,low,10/9/2009,2015
新北市,551,金針菜,9.05,low,10/27/2009,2015
台北市,552,金針菜,0.65,low,7/1/2008,2015
桃園市,553,金針菜,0.58,low,8/29/2009,2015
台中市,554,金針菜,0.07,low,3/2/2009,2015
台南市,555,金針菜,0.4,low,9/29/2009,2015
高雄市,556,金針菜,4.91,low,1/1/2009,2015
宜蘭縣,557,金針菜,0.12,low,2/25/2010,2015
新竹縣,558,金針菜,0.86,low,10/1/2008,2015
苗栗縣,559,金針菜,6.18,low,12/1/2008,2015
彰化縣,560,金針菜,0.12,low,9/10/2009,2015
南投縣,561,金針菜,24.37,low,3/26/2009,2015
雲林縣,562,金針菜,13.87,low,5/18/2009,2015
嘉義縣,563,金針菜,8.19,low,6/23/2009,2015
屏東縣,564,金針菜,0,low,11/21/2009,2015
台東縣,565,金針菜,61.49,low,10/1/2008,2015
花蓮縣,566,金針菜,445.83,low,11/10/2009,2015
澎湖縣,567,金針菜,0,low,11/6/2009,2015
基隆市,568,金針菜,0.19,low,6/1/2008,2015
新竹市,569,金針菜,0,low,11/10/2009,2015
嘉義市,570,金針菜,0.9,low,10/1/2008,2015
金門縣,571,金針菜,0,low,11/19/2009,2015
連江縣,572,金針菜,0,low,11/19/2009,2015
新北市,573,越瓜,0,low,11/19/2009,2015
台北市,574,越瓜,0,low,11/19/2009,2015
桃園市,575,越瓜,1.76,low,11/19/2009,2015
台中市,576,越瓜,4.09,low,1/8/2009,2015
台南市,577,越瓜,3.99,low,2/19/2010,2015
高雄市,578,越瓜,12.35,low,5/1/2008,2015
宜蘭縣,579,越瓜,0.62,low,9/17/2008,2015
新竹縣,580,越瓜,1.68,low,11/10/2009,2015
苗栗縣,581,越瓜,1.56,low,12/1/2008,2015
彰化縣,582,越瓜,31.41,low,11/11/2009,2015
南投縣,583,越瓜,0.4,low,12/17/2009,2015
雲林縣,584,越瓜,69.06,low,6/1/2008,2015
嘉義縣,585,越瓜,77.92,low,11/13/2009,2015
屏東縣,586,越瓜,12.27,low,10/22/2009,2015
台東縣,587,越瓜,0,low,3/1/2008,2015
花蓮縣,588,越瓜,0.16,low,3/1/2008,2015
澎湖縣,589,越瓜,8.48,low,10/26/2009,2015
基隆市,590,越瓜,0,low,10/30/2009,2015
新竹市,591,越瓜,1.3,low,6/15/2009,2015
嘉義市,592,越瓜,0.9,low,3/18/2010,2015
金門縣,593,越瓜,0,low,8/28/2009,2015
連江縣,594,越瓜,0,low,9/21/2009,2015
新北市,595,胡瓜,41.95,low,11/1/2009,2015
台北市,596,胡瓜,0.15,low,9/29/2009,2015
桃園市,597,胡瓜,5.97,low,10/15/2009,2015
台中市,598,胡瓜,9.6,low,11/4/2009,2015
台南市,599,胡瓜,53.34,low,11/1/2008,2015
高雄市,600,胡瓜,299.95,low,8/28/2009,2015
宜蘭縣,601,胡瓜,11.49,low,10/26/2009,2015
新竹縣,602,胡瓜,7.75,low,3/6/2009,2015
苗栗縣,603,胡瓜,94.56,low,10/22/2008,2015
彰化縣,604,胡瓜,249.4,low,10/26/2009,2015
南投縣,605,胡瓜,132.58,low,11/8/2009,2015
雲林縣,606,胡瓜,272.26,low,11/13/2009,2015
嘉義縣,607,胡瓜,109.01,low,11/5/2009,2015
屏東縣,608,胡瓜,810.59,medium,7/16/2009,2015
台東縣,609,胡瓜,10.71,low,5/1/2008,2015
花蓮縣,610,胡瓜,34.02,low,3/18/2010,2015
澎湖縣,611,胡瓜,3.01,low,7/1/2008,2015
基隆市,612,胡瓜,1.03,low,10/13/2009,2015
新竹市,613,胡瓜,1.4,low,9/1/2008,2015
嘉義市,614,胡瓜,0.5,low,12/1/2008,2015
金門縣,615,胡瓜,0.65,low,5/1/2008,2015
連江縣,616,胡瓜,0,low,9/1/2008,2015
新北市,617,冬瓜,66.04,low,11/1/2008,2015
台北市,618,冬瓜,5.39,low,11/5/2009,2015
桃園市,619,冬瓜,11.39,low,10/30/2009,2015
台中市,620,冬瓜,107.18,low,1/1/2009,2015
台南市,621,冬瓜,8.14,low,9/1/2008,2015
高雄市,622,冬瓜,61.34,low,10/1/2009,2015
宜蘭縣,623,冬瓜,21.05,low,5/1/2008,2015
新竹縣,624,冬瓜,10.15,low,8/31/2009,2015
苗栗縣,625,冬瓜,74.16,low,7/1/2008,2015
彰化縣,626,冬瓜,188.06,low,5/1/2008,2015
南投縣,627,冬瓜,0,low,8/1/2008,2015
雲林縣,628,冬瓜,44.76,low,11/4/2009,2015
嘉義縣,629,冬瓜,48.73,low,5/11/2009,2015
屏東縣,630,冬瓜,198.03,low,7/1/2008,2015
台東縣,631,冬瓜,99.22,low,5/5/2009,2015
花蓮縣,632,冬瓜,128.29,low,11/16/2009,2015
澎湖縣,633,冬瓜,1.27,low,5/1/2008,2015
基隆市,634,冬瓜,0,low,9/1/2008,2015
新竹市,635,冬瓜,2.49,low,3/1/2008,2015
嘉義市,636,冬瓜,0.3,low,3/11/2009,2015
金門縣,637,冬瓜,0.65,low,11/7/2009,2015
連江縣,638,冬瓜,0,low,11/11/2009,2015
新北市,639,苦瓜,13.81,low,5/5/2009,2015
台北市,640,苦瓜,0.19,low,7/1/2008,2015
桃園市,641,苦瓜,1.01,low,5/1/2008,2015
台中市,642,苦瓜,167.44,low,11/10/2009,2015
台南市,643,苦瓜,33.5,low,7/1/2008,2015
高雄市,644,苦瓜,139.2,low,4/25/2009,2015
宜蘭縣,645,苦瓜,6.28,low,11/1/2008,2015
新竹縣,646,苦瓜,13.2,low,10/26/2009,2015
苗栗縣,647,苦瓜,62.74,low,3/1/2008,2015
彰化縣,648,苦瓜,253.14,low,11/13/2009,2015
南投縣,649,苦瓜,98.47,low,7/1/2008,2015
雲林縣,650,苦瓜,30.69,low,11/10/2009,2015
嘉義縣,651,苦瓜,126.19,low,11/3/2009,2015
屏東縣,652,苦瓜,582.62,medium,8/27/2009,2015
台東縣,653,苦瓜,7.22,low,10/10/2009,2015
花蓮縣,654,苦瓜,34.55,low,4/8/2010,2015
澎湖縣,655,苦瓜,1.46,low,11/3/2009,2015
基隆市,656,苦瓜,0.05,low,11/18/2009,2015
新竹市,657,苦瓜,0.7,low,10/9/2009,2015
嘉義市,658,苦瓜,3.6,low,1/1/2009,2015
金門縣,659,苦瓜,0.27,low,11/12/2009,2015
連江縣,660,苦瓜,0,low,11/1/2008,2015
新北市,661,茄子,28.51,low,1/21/2010,2015
台北市,662,茄子,4.55,low,7/18/2009,2015
桃園市,663,茄子,1.33,low,3/1/2008,2015
台中市,664,茄子,15.07,low,6/26/2009,2015
台南市,665,茄子,9.2,low,1/15/2009,2015
高雄市,666,茄子,102.98,low,7/10/2009,2015
宜蘭縣,667,茄子,3.05,low,10/22/2009,2015
新竹縣,668,茄子,8.51,low,9/8/2009,2015
苗栗縣,669,茄子,6.57,low,11/1/2008,2015
彰化縣,670,茄子,192.26,low,11/5/2009,2015
南投縣,671,茄子,119.57,low,1/1/2008,2015
雲林縣,672,茄子,98.71,low,3/1/2008,2015
嘉義縣,673,茄子,12.12,low,7/1/2008,2015
屏東縣,674,茄子,566.25,medium,12/1/2008,2015
台東縣,675,茄子,3.13,low,11/1/2008,2015
花蓮縣,676,茄子,20.83,low,11/18/2009,2015
澎湖縣,677,茄子,0,low,5/1/2008,2015
基隆市,678,茄子,0.04,low,11/18/2009,2015
新竹市,679,茄子,0.7,low,9/1/2008,2015
嘉義市,680,茄子,0,low,10/12/2009,2015
金門縣,681,茄子,0.46,low,5/1/2008,2015
連江縣,682,茄子,0,low,1/4/2010,2015
新北市,683,菜豆,42.73,low,11/19/2009,2015
台北市,684,菜豆,2.1,low,5/22/2009,2015
桃園市,685,菜豆,2.09,low,9/3/2009,2015
台中市,686,菜豆,7.04,low,9/14/2009,2015
台南市,687,菜豆,14.81,low,11/1/2009,2015
高雄市,688,菜豆,174.68,low,2/4/2010,2015
宜蘭縣,689,菜豆,6.04,low,10/29/2009,2015
新竹縣,690,菜豆,6.47,low,10/19/2009,2015
苗栗縣,691,菜豆,10.09,low,11/14/2009,2015
彰化縣,692,菜豆,120.19,low,9/1/2008,2015
南投縣,693,菜豆,3.31,low,9/1/2009,2015
雲林縣,694,菜豆,97.54,low,5/15/2008,2015
嘉義縣,695,菜豆,29.83,low,10/5/2009,2015
屏東縣,696,菜豆,332.47,low,5/1/2008,2015
台東縣,697,菜豆,6.9,low,3/1/2008,2015
花蓮縣,698,菜豆,14.15,low,10/19/2009,2015
澎湖縣,699,菜豆,16.63,low,3/1/2008,2015
基隆市,700,菜豆,0.02,low,11/3/2009,2015
新竹市,701,菜豆,1.1,low,5/1/2009,2015
嘉義市,702,菜豆,0.7,low,11/3/2009,2015
金門縣,703,菜豆,0.34,low,11/1/2008,2015
連江縣,704,菜豆,0,low,9/1/2008,2015
新北市,705,豌豆,2.86,low,9/17/2009,2015
台北市,706,豌豆,0.1,low,9/1/2008,2015
桃園市,707,豌豆,0.07,low,11/19/2009,2015
台中市,708,豌豆,3.82,low,3/19/2008,2015
台南市,709,豌豆,0.7,low,5/1/2008,2015
高雄市,710,豌豆,2.3,low,4/20/2009,2015
宜蘭縣,711,豌豆,0,low,11/20/2009,2015
新竹縣,712,豌豆,0.75,low,8/22/2009,2015
苗栗縣,713,豌豆,0,low,5/1/2008,2015
彰化縣,714,豌豆,411.28,low,11/12/2009,2015
南投縣,715,豌豆,14.59,low,1/4/2010,2015
雲林縣,716,豌豆,15.09,low,10/20/2009,2015
嘉義縣,717,豌豆,9.6,low,10/21/2009,2015
屏東縣,718,豌豆,0,low,9/1/2008,2015
台東縣,719,豌豆,0.92,low,10/8/2008,2015
花蓮縣,720,豌豆,1.8,low,9/1/2008,2015
澎湖縣,721,豌豆,0,low,8/28/2009,2015
基隆市,722,豌豆,0,low,9/1/2008,2015
新竹市,723,豌豆,0,low,11/1/2008,2015
嘉義市,724,豌豆,0,low,10/1/2008,2015
金門縣,725,豌豆,0.31,low,11/20/2009,2015
連江縣,726,豌豆,0,low,10/1/2008,2015
新北市,727,毛豆,0,low,5/1/2008,2015
台北市,728,毛豆,0,low,9/1/2008,2015
桃園市,729,毛豆,0,low,11/4/2009,2015
台中市,730,毛豆,0.92,low,7/15/2009,2015
台南市,731,毛豆,104.01,low,9/25/2009,2015
高雄市,732,毛豆,1434.15,high,11/1/2008,2015
宜蘭縣,733,毛豆,0,low,5/1/2008,2015
新竹縣,734,毛豆,0,low,9/25/2009,2015
苗栗縣,735,毛豆,0,low,10/1/2008,2015
彰化縣,736,毛豆,125.35,low,12/1/2008,2015
南投縣,737,毛豆,0,low,11/18/2009,2015
雲林縣,738,毛豆,1298.65,high,5/1/2008,2015
嘉義縣,739,毛豆,617.68,medium,7/1/2008,2015
屏東縣,740,毛豆,4661,high,2/15/2008,2015
台東縣,741,毛豆,0,low,12/1/2008,2015
花蓮縣,742,毛豆,0,low,1/1/2009,2015
澎湖縣,743,毛豆,0,low,9/30/2009,2015
基隆市,744,毛豆,0,low,7/1/2008,2015
新竹市,745,毛豆,0,low,11/1/2008,2015
嘉義市,746,毛豆,0,low,11/12/2009,2015
金門縣,747,毛豆,0,low,11/5/2009,2015
連江縣,748,毛豆,0,low,10/1/2008,2015
新北市,749,番茄,0.9,low,7/1/2008,2015
台北市,750,番茄,21.45,low,7/29/2009,2015
桃園市,751,番茄,32.95,low,11/20/2009,2015
台中市,752,番茄,106.84,low,11/10/2008,2015
台南市,753,番茄,869.3,medium,7/10/2009,2015
高雄市,754,番茄,827.71,medium,11/1/2008,2015
宜蘭縣,755,番茄,89.65,low,11/1/2008,2015
新竹縣,756,番茄,48.29,low,7/1/2009,2015
苗栗縣,757,番茄,250.61,low,3/1/2008,2015
彰化縣,758,番茄,378.07,low,1/4/2010,2015
南投縣,759,番茄,439.97,low,1/13/2010,2015
雲林縣,760,番茄,548.75,medium,2/1/2008,2015
嘉義縣,761,番茄,937.97,medium,6/17/2009,2015
屏東縣,762,番茄,116.28,low,11/18/2009,2015
台東縣,763,番茄,165.27,low,11/19/2009,2015
花蓮縣,764,番茄,55.88,low,11/19/2009,2015
澎湖縣,765,番茄,10.81,low,11/19/2009,2015
基隆市,766,番茄,0,low,2/4/2010,2015
新竹市,767,番茄,0.39,low,8/3/2009,2015
嘉義市,768,番茄,4.27,low,11/12/2009,2015
金門縣,769,番茄,0.5,low,3/11/2010,2015
連江縣,770,番茄,0,low,10/12/2009,2015
新北市,771,番椒,1.51,low,6/30/2009,2015
台北市,772,番椒,8.75,low,9/24/2009,2015
桃園市,773,番椒,2.65,low,10/29/2009,2015
台中市,774,番椒,88.27,low,11/16/2009,2015
台南市,775,番椒,141.88,low,10/28/2009,2015
高雄市,776,番椒,206.01,low,11/2/2009,2015
宜蘭縣,777,番椒,3.9,low,11/2/2009,2015
新竹縣,778,番椒,12.66,low,11/2/2009,2015
苗栗縣,779,番椒,41.9,low,11/2/2009,2015
彰化縣,780,番椒,69.22,low,10/28/2009,2015
南投縣,781,番椒,427.06,low,11/10/2009,2015
雲林縣,782,番椒,317.89,low,11/13/2009,2015
嘉義縣,783,番椒,503.71,medium,11/1/2009,2015
屏東縣,784,番椒,342.25,low,3/24/2010,2015
台東縣,785,番椒,81.87,low,10/29/2009,2015
花蓮縣,786,番椒,62.64,low,11/4/2009,2015
澎湖縣,787,番椒,3.23,low,10/1/2008,2015
基隆市,788,番椒,0.01,low,10/30/2009,2015
新竹市,789,番椒,0,low,1/28/2010,2015
嘉義市,790,番椒,2.5,low,11/17/2009,2015
金門縣,791,番椒,0.51,low,5/13/2009,2015
連江縣,792,番椒,0,low,3/1/2008,2015
新北市,793,洋香瓜,0.04,low,10/1/2009,2015
台北市,794,洋香瓜,0.06,low,4/30/2010,2015
桃園市,795,洋香瓜,36.4,low,3/18/2010,2015
台中市,796,洋香瓜,25.96,low,11/4/2009,2015
台南市,797,洋香瓜,1682.81,high,6/19/2009,2015
高雄市,798,洋香瓜,177.16,low,7/22/2009,2015
宜蘭縣,799,洋香瓜,39.2,low,2/26/2010,2015
新竹縣,800,洋香瓜,25.47,low,7/28/2009,2015
苗栗縣,801,洋香瓜,1.24,low,11/9/2009,2015
彰化縣,802,洋香瓜,119.97,low,11/20/2009,2015
南投縣,803,洋香瓜,0.2,low,11/6/2009,2015
雲林縣,804,洋香瓜,418.61,low,3/1/2008,2015
嘉義縣,805,洋香瓜,370.21,low,10/9/2009,2015
屏東縣,806,洋香瓜,6.17,low,10/27/2009,2015
台東縣,807,洋香瓜,0,low,7/1/2008,2015
花蓮縣,808,洋香瓜,2.51,low,8/29/2009,2015
澎湖縣,809,洋香瓜,42.39,low,3/2/2009,2015
基隆市,810,洋香瓜,0,low,9/29/2009,2015
新竹市,811,洋香瓜,0,low,1/1/2009,2015
嘉義市,812,洋香瓜,0,low,2/25/2010,2015
金門縣,813,洋香瓜,0,low,10/1/2008,2015
連江縣,814,洋香瓜,0,low,12/1/2008,2015
新北市,815,西瓜,52.49,low,9/10/2009,2015
台北市,816,西瓜,0,low,3/26/2009,2015
桃園市,817,西瓜,159.79,low,5/18/2009,2015
台中市,818,西瓜,429.29,low,6/23/2009,2015
台南市,819,西瓜,2202.75,high,11/21/2009,2015
高雄市,820,西瓜,695.4,medium,10/1/2008,2015
宜蘭縣,821,西瓜,699.53,medium,11/10/2009,2015
新竹縣,822,西瓜,43.77,low,11/6/2009,2015
苗栗縣,823,西瓜,338.31,low,6/1/2008,2015
彰化縣,824,西瓜,487.11,low,11/10/2009,2015
南投縣,825,西瓜,9,low,10/1/2008,2015
雲林縣,826,西瓜,1851.39,high,11/19/2009,2015
嘉義縣,827,西瓜,878.69,medium,11/19/2009,2015
屏東縣,828,西瓜,978.9,medium,11/19/2009,2015
台東縣,829,西瓜,123.5,low,11/19/2009,2015
花蓮縣,830,西瓜,1883.03,high,11/19/2009,2015
澎湖縣,831,西瓜,49.56,low,1/8/2009,2015
基隆市,832,西瓜,0,low,2/19/2010,2015
新竹市,833,西瓜,1.6,low,5/1/2008,2015
嘉義市,834,西瓜,0,low,9/17/2008,2015
金門縣,835,西瓜,3.43,low,11/10/2009,2015
連江縣,836,西瓜,0,low,12/1/2008,2015
新北市,837,香瓜,2.13,low,11/11/2009,2015
台北市,838,香瓜,0.18,low,12/17/2009,2015
桃園市,839,香瓜,7.72,low,6/1/2008,2015
台中市,840,香瓜,38.13,low,11/13/2009,2015
台南市,841,香瓜,174.14,low,10/22/2009,2015
高雄市,842,香瓜,532.24,medium,3/1/2008,2015
宜蘭縣,843,香瓜,43.33,low,3/1/2008,2015
新竹縣,844,香瓜,6.93,low,10/26/2009,2015
苗栗縣,845,香瓜,35.08,low,10/30/2009,2015
彰化縣,846,香瓜,247.71,low,6/15/2009,2015
南投縣,847,香瓜,1.86,low,3/18/2010,2015
雲林縣,848,香瓜,456.84,low,8/28/2009,2015
嘉義縣,849,香瓜,318.58,low,9/21/2009,2015
屏東縣,850,香瓜,335.13,low,11/1/2009,2015
台東縣,851,香瓜,0.22,low,9/29/2009,2015
花蓮縣,852,香瓜,0.8,low,10/15/2009,2015
澎湖縣,853,香瓜,0,low,11/4/2009,2015
基隆市,854,香瓜,0,low,11/1/2008,2015
新竹市,855,香瓜,0,low,8/28/2009,2015
嘉義市,856,香瓜,0.3,low,10/26/2009,2015
金門縣,857,香瓜,0.4,low,3/6/2009,2015
連江縣,858,香瓜,0,low,10/22/2008,2015
新北市,859,草莓,0.08,low,10/26/2009,2015
台北市,860,草莓,1.07,low,11/8/2009,2015
桃園市,861,草莓,1.39,low,11/13/2009,2015
台中市,862,草莓,5.56,low,11/5/2009,2015
台南市,863,草莓,6.32,low,7/16/2009,2015
高雄市,864,草莓,3.62,low,5/1/2008,2015
宜蘭縣,865,草莓,0,low,3/18/2010,2015
新竹縣,866,草莓,13.25,low,7/1/2008,2015
苗栗縣,867,草莓,408.54,low,10/13/2009,2015
彰化縣,868,草莓,0.65,low,9/1/2008,2015
南投縣,869,草莓,10.97,low,12/1/2008,2015
雲林縣,870,草莓,2.13,low,5/1/2008,2015
嘉義縣,871,草莓,1.1,low,9/1/2008,2015
屏東縣,872,草莓,0.25,low,11/1/2008,2015
台東縣,873,草莓,1,low,11/5/2009,2015
花蓮縣,874,草莓,3.1,low,10/30/2009,2015
澎湖縣,875,草莓,0,low,1/1/2009,2015
基隆市,876,草莓,0,low,9/1/2008,2015
新竹市,877,草莓,0,low,10/1/2009,2015
嘉義市,878,草莓,0,low,5/1/2008,2015
金門縣,879,草莓,0,low,8/31/2009,2015
連江縣,880,草莓,0,low,7/1/2008,2015
新北市,881,其他果菜類,289.02,low,5/1/2008,2015
台北市,882,其他果菜類,82.03,low,8/1/2008,2015
桃園市,883,其他果菜類,29.83,low,11/4/2009,2015
台中市,884,其他果菜類,216.75,low,5/11/2009,2015
台南市,885,其他果菜類,1521.67,high,7/1/2008,2015
高雄市,886,其他果菜類,1066.04,high,5/5/2009,2015
宜蘭縣,887,其他果菜類,131.05,low,11/16/2009,2015
新竹縣,888,其他果菜類,39.62,low,5/1/2008,2015
苗栗縣,889,其他果菜類,181.88,low,9/1/2008,2015
彰化縣,890,其他果菜類,558.99,medium,3/1/2008,2015
南投縣,891,其他果菜類,1276.27,high,3/11/2009,2015
雲林縣,892,其他果菜類,917.93,medium,11/7/2009,2015
嘉義縣,893,其他果菜類,1327.94,high,11/11/2009,2015
屏東縣,894,其他果菜類,1631.32,high,5/5/2009,2015
台東縣,895,其他果菜類,302.42,low,7/1/2008,2015
花蓮縣,896,其他果菜類,660.92,medium,5/1/2008,2015
澎湖縣,897,其他果菜類,45.4,low,11/10/2009,2015
基隆市,898,其他果菜類,4.09,low,7/1/2008,2015
新竹市,899,其他果菜類,7.24,low,4/25/2009,2015
嘉義市,900,其他果菜類,20.23,low,11/1/2008,2015
金門縣,901,其他果菜類,2.9,low,10/26/2009,2015
連江縣,902,其他果菜類,0,low,3/1/2008,2015
新北市,903,蘿蔔,82,low,11/13/2009,2014
台北市,904,蘿蔔,64,low,7/1/2008,2014
台中市,905,蘿蔔,65,low,11/10/2009,2014
台南市,906,蘿蔔,253,low,11/3/2009,2014
高雄市,907,蘿蔔,293,low,8/27/2009,2014
宜蘭縣,908,蘿蔔,29,low,10/10/2009,2014
桃園縣,909,蘿蔔,33,low,4/8/2010,2014
新竹縣,910,蘿蔔,45,low,11/3/2009,2014
苗栗縣,911,蘿蔔,108,low,11/18/2009,2014
彰化縣,912,蘿蔔,399,low,10/9/2009,2014
南投縣,913,蘿蔔,114,low,1/1/2009,2014
雲林縣,914,蘿蔔,798,medium,11/12/2009,2014
嘉義縣,915,蘿蔔,242,low,11/1/2008,2014
屏東縣,916,蘿蔔,48,low,1/21/2010,2014
台東縣,917,蘿蔔,40,low,7/18/2009,2014
花蓮縣,918,蘿蔔,24,low,3/1/2008,2014
澎湖縣,919,蘿蔔,6,low,6/26/2009,2014
基隆市,920,蘿蔔,1,low,1/15/2009,2014
新竹市,921,蘿蔔,5,low,7/10/2009,2014
嘉義市,922,蘿蔔,0,low,10/22/2009,2014
金門縣,923,蘿蔔,1,low,9/8/2009,2014
連江縣,924,蘿蔔,0,low,11/1/2008,2014
新北市,925,胡蘿蔔,6,low,11/5/2009,2014
台北市,926,胡蘿蔔,12,low,1/1/2008,2014
台中市,927,胡蘿蔔,12,low,3/1/2008,2014
台南市,928,胡蘿蔔,652,medium,7/1/2008,2014
高雄市,929,胡蘿蔔,1,low,12/1/2008,2014
宜蘭縣,930,胡蘿蔔,0,low,11/1/2008,2014
桃園縣,931,胡蘿蔔,0,low,11/18/2009,2014
新竹縣,932,胡蘿蔔,11,low,5/1/2008,2014
苗栗縣,933,胡蘿蔔,1,low,11/18/2009,2014
彰化縣,934,胡蘿蔔,793,medium,9/1/2008,2014
南投縣,935,胡蘿蔔,0,low,10/12/2009,2014
雲林縣,936,胡蘿蔔,1210,high,5/1/2008,2014
嘉義縣,937,胡蘿蔔,1,low,1/4/2010,2014
屏東縣,938,胡蘿蔔,0,low,11/19/2009,2014
台東縣,939,胡蘿蔔,0,low,5/22/2009,2014
花蓮縣,940,胡蘿蔔,3,low,9/3/2009,2014
澎湖縣,941,胡蘿蔔,8,low,9/14/2009,2014
基隆市,942,胡蘿蔔,0,low,11/1/2009,2014
新竹市,943,胡蘿蔔,0,low,2/4/2010,2014
嘉義市,944,胡蘿蔔,0,low,10/29/2009,2014
金門縣,945,胡蘿蔔,0,low,10/19/2009,2014
連江縣,946,胡蘿蔔,0,low,11/14/2009,2014
新北市,947,其他根菜類,1,low,9/1/2008,2014
台北市,948,其他根菜類,0,low,9/1/2009,2014
台中市,949,其他根菜類,1,low,5/15/2008,2014
台南市,950,其他根菜類,67,low,10/5/2009,2014
高雄市,951,其他根菜類,131,low,5/1/2008,2014
宜蘭縣,952,其他根菜類,0,low,3/1/2008,2014
桃園縣,953,其他根菜類,0,low,10/19/2009,2014
新竹縣,954,其他根菜類,1,low,3/1/2008,2014
苗栗縣,955,其他根菜類,0,low,11/3/2009,2014
彰化縣,956,其他根菜類,6,low,5/1/2009,2014
南投縣,957,其他根菜類,1,low,11/3/2009,2014
雲林縣,958,其他根菜類,176,low,11/1/2008,2014
嘉義縣,959,其他根菜類,261,low,9/1/2008,2014
屏東縣,960,其他根菜類,138,low,9/17/2009,2014
台東縣,961,其他根菜類,0,low,9/1/2008,2014
花蓮縣,962,其他根菜類,1,low,11/19/2009,2014
澎湖縣,963,其他根菜類,0,low,3/19/2008,2014
基隆市,964,其他根菜類,0,low,5/1/2008,2014
新竹市,965,其他根菜類,0,low,4/20/2009,2014
嘉義市,966,其他根菜類,0,low,11/20/2009,2014
金門縣,967,其他根菜類,0,low,8/22/2009,2014
連江縣,968,其他根菜類,0,low,5/1/2008,2014
新北市,969,薑,9,low,11/12/2009,2014
台北市,970,薑,2,low,1/4/2010,2014
台中市,971,薑,64,low,10/20/2009,2014
台南市,972,薑,1,low,10/21/2009,2014
高雄市,973,薑,20,low,9/1/2008,2014
宜蘭縣,974,薑,44,low,10/8/2008,2014
桃園縣,975,薑,7,low,9/1/2008,2014
新竹縣,976,薑,20,low,8/28/2009,2014
苗栗縣,977,薑,88,low,9/1/2008,2014
彰化縣,978,薑,0,low,11/1/2008,2014
南投縣,979,薑,217,low,10/1/2008,2014
雲林縣,980,薑,3,low,11/20/2009,2014
嘉義縣,981,薑,27,low,10/1/2008,2014
屏東縣,982,薑,5,low,5/1/2008,2014
台東縣,983,薑,204,low,9/1/2008,2014
花蓮縣,984,薑,39,low,11/4/2009,2014
澎湖縣,985,薑,0,low,7/15/2009,2014
基隆市,986,薑,0,low,9/25/2009,2014
新竹市,987,薑,0,low,11/1/2008,2014
嘉義市,988,薑,1,low,5/1/2008,2014
金門縣,989,薑,0,low,9/25/2009,2014
連江縣,990,薑,0,low,10/1/2008,2014
新北市,991,芋,84,low,12/1/2008,2014
台北市,992,芋,4,low,11/18/2009,2014
台中市,993,芋,731,medium,5/1/2008,2014
台南市,994,芋,79,low,7/1/2008,2014
高雄市,995,芋,52,low,2/15/2008,2014
宜蘭縣,996,芋,26,low,12/1/2008,2014
桃園縣,997,芋,5,low,1/1/2009,2014
新竹縣,998,芋,21,low,9/30/2009,2014
苗栗縣,999,芋,590,medium,7/1/2008,2014
彰化縣,1000,芋,22,low,11/1/2008,2014
