年度,地區別,蔬菜類別,種植面積,收穫面積,每公頃平均產量,產量,,,,
2015,新北市,蘿蔔,81.92,81.92,30553.38135,2502.933,,,,
2015,台北市,蘿蔔,59.68,59.68,9414.024799,561.829,,,,
2015,桃園市,蘿蔔,15.35,15.35,19872.3127,305.04,,,,
2015,台中市,蘿蔔,74.1,74.1,32040.24291,2374.182,,,,
2015,台南市,蘿蔔,201.18,201.18,49297.02754,9917.576,,,,
2015,高雄市,蘿蔔,409.39,409.39,37621.00442,15401.663,,,,
2015,宜蘭縣,蘿蔔,30.17,30.17,28263.34107,852.705,,,,
2015,新竹縣,蘿蔔,48.73,48.73,19792.0788,964.468,,,,
2015,苗栗縣,蘿蔔,82.17,82.17,23665.09675,1944.561,,,,
2015,彰化縣,蘿蔔,339.65,339.65,36970.88179,12557.16,,,,
2015,南投縣,蘿蔔,99.75,99.75,15728.82206,1568.95,,,,
2015,雲林縣,蘿蔔,712.72,712.72,44626.88573,31806.474,,,,
2015,嘉義縣,蘿蔔,181.27,175.78,38927.57993,6842.69,,,,
2015,屏東縣,蘿蔔,41.28,41.28,18511.07074,764.137,,,,
2015,台東縣,蘿蔔,22.17,22.17,22512.17862,499.095,,,,
2015,花蓮縣,蘿蔔,53.05,53.05,13507.16305,716.555,,,,
2015,澎湖縣,蘿蔔,5.48,5.48,9591.058394,52.559,,,,
2015,基隆市,蘿蔔,0.89,0.89,9960.674157,8.865,,,,
2015,新竹市,蘿蔔,2.6,2.6,14178.84615,36.865,,,,
2015,嘉義市,蘿蔔,0,0,0,0,,,,
2015,金門縣,蘿蔔,1.64,1.64,25643.29268,42.055,,,,
2015,連江縣,蘿蔔,0,0,0,0,,,,
2015,新北市,胡蘿蔔,8.17,8.17,16044.92044,131.087,,,,
2015,台北市,胡蘿蔔,11.6,11.6,12677.24138,147.056,,,,
2015,桃園市,胡蘿蔔,0.77,0.77,16337.66234,12.58,,,,
2015,台中市,胡蘿蔔,20.26,20.26,31067.91708,629.436,,,,
2015,台南市,胡蘿蔔,634.87,634.87,64002.71079,40633.401,,,,
2015,高雄市,胡蘿蔔,2.86,2.86,31527.62238,90.169,,,,
2015,宜蘭縣,胡蘿蔔,1.61,1.61,17481.36646,28.145,,,,
2015,新竹縣,胡蘿蔔,1.77,1.77,18203.38983,32.22,,,,
2015,苗栗縣,胡蘿蔔,0.2,0.2,24825,4.965,,,,
2015,彰化縣,胡蘿蔔,597.49,597.49,39628.76366,23677.79,,,,
2015,南投縣,胡蘿蔔,0,0,0,0,,,,
2015,雲林縣,胡蘿蔔,1071.79,1071.79,40490.24529,43397.04,,,,
2015,嘉義縣,胡蘿蔔,1.56,1.56,23301.28205,36.35,,,,
2015,屏東縣,胡蘿蔔,0.18,0.18,16444.44444,2.96,,,,
2015,台東縣,胡蘿蔔,0.09,0.09,14555.55556,1.31,,,,
2015,花蓮縣,胡蘿蔔,1.48,1.48,15966.89189,23.631,,,,
2015,澎湖縣,胡蘿蔔,8.7,8.7,10056.55172,87.492,,,,
2015,基隆市,胡蘿蔔,0,0,0,0,,,,
2015,新竹市,胡蘿蔔,0.33,0.33,14669.69697,4.841,,,,
2015,嘉義市,胡蘿蔔,0,0,0,0,,,,
2015,金門縣,胡蘿蔔,0.64,0.64,24923.4375,15.951,,,,2350.04
2015,連江縣,胡蘿蔔,0,0,0,0,,,,
2015,新北市,其他根菜類,1.12,1.12,15000,16.8,,,,
2015,台北市,其他根菜類,0,0,0,0,,,,
2015,桃園市,其他根菜類,0,0,0,0,,,,
2015,台中市,其他根菜類,3.88,3.88,22709.79381,88.114,,,,
2015,台南市,其他根菜類,40.04,40.04,19753.2967,790.922,,,,
2015,高雄市,其他根菜類,124.42,124.42,18887.96014,2350.04,,,,
2015,宜蘭縣,其他根菜類,2.67,2.67,20737.82772,55.37,,,,
2015,新竹縣,其他根菜類,0,0,0,0,,,,
2015,苗栗縣,其他根菜類,0,0,0,0,,,,
2015,彰化縣,其他根菜類,9.33,9.33,20163.98714,188.13,,,,
2015,南投縣,其他根菜類,0,0,0,0,,,,
2015,雲林縣,其他根菜類,167.85,167.85,28295.92493,4749.471,,,,
2015,嘉義縣,其他根菜類,188.95,188.95,30825.50939,5824.48,,,,
2015,屏東縣,其他根菜類,121.89,121.89,21120.42825,2574.369,,,,
2015,台東縣,其他根菜類,0.2,0.2,9000,1.8,,,,
2015,花蓮縣,其他根菜類,0.04,0.04,14000,0.56,,,,
2015,澎湖縣,其他根菜類,0,0,0,0,,,,
2015,基隆市,其他根菜類,0,0,0,0,,,,
2015,新竹市,其他根菜類,0,0,0,0,,,,
2015,嘉義市,其他根菜類,0,0,0,0,,,,
2015,金門縣,其他根菜類,0,0,0,0,,,,
2015,連江縣,其他根菜類,0,0,0,0,,,,
2015,新北市,薑,6.43,6.43,18552.5661,119.293,,,,
2015,台北市,薑,2.17,2.17,8300,18.011,,,,
2015,桃園市,薑,7.64,7.64,39134.81675,298.99,,,,
2015,台中市,薑,56.52,56.52,17127.84855,968.066,,,,
2015,台南市,薑,2.6,2.6,25623.07692,66.62,,,,
2015,高雄市,薑,32.9,32.9,21337.99392,702.02,,,,
2015,宜蘭縣,薑,48.83,48.83,28651.48474,1399.052,,,,
2015,新竹縣,薑,16.39,16.39,17535.08237,287.4,,,,
2015,苗栗縣,薑,88.29,88.29,22562.01155,1992,,,,
2015,彰化縣,薑,0.36,0.36,17777.77778,6.4,,,,
2015,南投縣,薑,219.66,219.66,35323.591,7759.18,,,,
2015,雲林縣,薑,33.02,33.02,24746.82011,817.14,,,,
2015,嘉義縣,薑,32.21,32.21,37875.19404,1219.96,,,,
2015,屏東縣,薑,10.41,10.41,17303.45821,180.129,,,,
2015,台東縣,薑,274.95,274.95,29567.38316,8129.552,,,,
2015,花蓮縣,薑,29.39,29.39,16510.30963,485.238,,,,
2015,澎湖縣,薑,0,0,0,0,,,,
2015,基隆市,薑,0,0,0,0,,,,
2015,新竹市,薑,0,0,0,0,,,,
2015,嘉義市,薑,1,1,16000,16,,,,
2015,金門縣,薑,0.02,0.02,22100,0.442,,,,
2015,連江縣,薑,0,0,0,0,,,,
2015,新北市,芋,79.65,79.65,11741.56937,935.216,,,,
2015,台北市,芋,3.5,3.5,14114.28571,49.4,,,,
2015,桃園市,芋,2.3,2.3,14591.30435,33.56,,,,
2015,台中市,芋,774.85,774.85,17645.72369,13672.789,,,,
2015,台南市,芋,83.51,83.51,21676.78122,1810.228,,,,
2015,高雄市,芋,61.37,61.37,13871.77774,851.311,,,,
2015,宜蘭縣,芋,25.81,25.81,13773.26618,355.488,,,,
2015,新竹縣,芋,20.29,20.29,14507.14638,294.35,,,,
2015,苗栗縣,芋,576.31,576.31,15738.3266,9070.155,,,,
2015,彰化縣,芋,26.1,26.1,20784.67433,542.48,,,,
2015,南投縣,芋,19.25,19.25,12253.66234,235.883,,,,
2015,雲林縣,芋,77.36,77.36,22709.90176,1756.838,,,,
2015,嘉義縣,芋,40.35,40.35,16388.30235,661.268,,,,
2015,屏東縣,芋,423.86,423.86,15885.62733,6733.282,,,,
2015,台東縣,芋,103.29,103.29,7403.620873,764.72,,,,
2015,花蓮縣,芋,121.65,121.65,15899.89314,1934.222,,,,
2015,澎湖縣,芋,0.19,0.15,6126.666667,0.919,,,,
2015,基隆市,芋,0.04,0.04,9725,0.389,,,,
2015,新竹市,芋,4.32,4.32,13247.68519,57.23,,,,
2015,嘉義市,芋,1.56,1.56,13878.84615,21.651,,,,
2015,金門縣,芋,23.02,23.02,27200,626.144,,,,
2015,連江縣,芋,0,0,0,0,,,,
2015,新北市,馬鈴薯,0.05,0.05,20000,1,,,,
2015,台北市,馬鈴薯,0,0,0,0,,,,
2015,桃園市,馬鈴薯,0,0,0,0,,,,
2015,台中市,馬鈴薯,474.34,474.34,27798.57908,13185.978,,,,
2015,台南市,馬鈴薯,76.56,76.56,22251.82863,1703.6,,,,
2015,高雄市,馬鈴薯,0,0,0,0,,,,
2015,宜蘭縣,馬鈴薯,0,0,0,0,,,,
2015,新竹縣,馬鈴薯,0.1,0.1,15000,1.5,,,,
2015,苗栗縣,馬鈴薯,3.5,3.5,18385.71429,64.35,,,,
2015,彰化縣,馬鈴薯,2.24,2.24,24332.58929,54.505,,,,
2015,南投縣,馬鈴薯,0.5,0.5,15000,7.5,,,,
2015,雲林縣,馬鈴薯,1326.2,1326.2,25836.92052,34264.924,,,,
2015,嘉義縣,馬鈴薯,623.56,623.56,23709.4618,14784.272,,,,
2015,屏東縣,馬鈴薯,0,0,0,0,,,,
2015,台東縣,馬鈴薯,0,0,0,0,,,,
2015,花蓮縣,馬鈴薯,0.7,0.7,18500,12.95,,,,
2015,澎湖縣,馬鈴薯,0,0,0,0,,,,
2015,基隆市,馬鈴薯,0,0,0,0,,,,
2015,新竹市,馬鈴薯,0,0,0,0,,,,
2015,嘉義市,馬鈴薯,8,8,15500,124,,,,
2015,金門縣,馬鈴薯,2.41,2.41,18889.21162,45.523,,,,
2015,連江縣,馬鈴薯,0,0,0,0,,,,
2015,新北市,蔥,96.43,96.43,12569.07601,1212.036,,,,
2015,台北市,蔥,10.35,10.35,10993.23671,113.78,,,,
2015,桃園市,蔥,26.51,26.51,17976.04677,476.545,,,,
2015,台中市,蔥,121.08,121.08,20154.2699,2440.279,,,,
2015,台南市,蔥,34.47,34.47,16195.6774,558.265,,,,
2015,高雄市,蔥,177.54,177.54,14892.08066,2643.94,,,,
2015,宜蘭縣,蔥,678.66,678.66,18723.38432,12706.812,,,,
2015,新竹縣,蔥,39.19,39.19,16894.02909,662.077,,,,
2015,苗栗縣,蔥,54.2,54.2,13505.2583,731.985,,,,
2015,彰化縣,蔥,1643.5,1643.5,24832.18862,40811.702,,,,
2015,南投縣,蔥,13.2,13.2,12647.72727,166.95,,,,
2015,雲林縣,蔥,1426.21,1426.21,21869.76462,31190.877,,,,
2015,嘉義縣,蔥,85.16,85.16,15549.85909,1324.226,,,,
2015,屏東縣,蔥,57.01,57.01,16269.98772,927.552,,,,
2015,台東縣,蔥,11.72,11.72,15152.21843,177.584,,,,
2015,花蓮縣,蔥,56.83,56.83,12048.60109,684.722,,,,
2015,澎湖縣,蔥,24.24,24.21,7875.67121,190.67,,,,
2015,基隆市,蔥,0.48,0.48,9831.25,4.719,,,,
2015,新竹市,蔥,5.07,5.07,16987.37673,86.126,,,,
2015,嘉義市,蔥,0.53,0.53,12273.58491,6.505,,,,
2015,金門縣,蔥,1.59,1.59,18489.93711,29.399,,,,
2015,連江縣,蔥,0,0,0,0,,,,
2015,新北市,蔥頭,0,0,0,0,,,,
2015,台北市,蔥頭,0,0,0,0,,,,
2015,桃園市,蔥頭,0,0,0,0,,,,
2015,台中市,蔥頭,0.15,0.15,19673.33333,2.951,,,,
2015,台南市,蔥頭,912.78,912.78,11075.76634,10109.738,,,,
2015,高雄市,蔥頭,0.01,0.01,8000,0.08,,,,
2015,宜蘭縣,蔥頭,0.6,0.6,8550,5.13,,,,
2015,新竹縣,蔥頭,0.01,0.01,10500,0.105,,,,
2015,苗栗縣,蔥頭,0,0,0,0,,,,
2015,彰化縣,蔥頭,0.29,0.29,9406.896552,2.728,,,,
2015,南投縣,蔥頭,0,0,0,0,,,,
2015,雲林縣,蔥頭,51.63,51.63,11022.69998,569.102,,,,
2015,嘉義縣,蔥頭,74.69,74.69,10928.50449,816.25,,,,
2015,屏東縣,蔥頭,0,0,0,0,,,,
2015,台東縣,蔥頭,0.6,0.6,10000,6,,,,
2015,花蓮縣,蔥頭,0.1,0.1,10480,1.048,,,,
2015,澎湖縣,蔥頭,0,0,0,0,,,,
2015,基隆市,蔥頭,0,0,0,0,,,,
2015,新竹市,蔥頭,0,0,0,0,,,,
2015,嘉義市,蔥頭,0,0,0,0,,,,
2015,金門縣,蔥頭,0,0,0,0,,,,
2015,連江縣,蔥頭,0,0,0,0,,,,
2015,新北市,洋蔥,0,0,0,0,,,,
2015,台北市,洋蔥,0,0,0,0,,,,
2015,桃園市,洋蔥,0,0,0,0,,,,
2015,台中市,洋蔥,0.25,0.25,50500,12.625,,,,
2015,台南市,洋蔥,9.17,9.17,40133.15158,368.021,,,,
2015,高雄市,洋蔥,63.66,63.66,51096.54414,3252.806,,,,
2015,宜蘭縣,洋蔥,0,0,0,0,,,,
2015,新竹縣,洋蔥,0,0,0,0,,,,
2015,苗栗縣,洋蔥,0,0,0,0,,,,
2015,彰化縣,洋蔥,302.66,302.66,45047.79621,13634.166,,,,
2015,南投縣,洋蔥,0,0,0,0,,,,
2015,雲林縣,洋蔥,198.79,198.79,36461.59767,7248.201,,,,
2015,嘉義縣,洋蔥,86.04,86.04,55701.30172,4792.54,,,,
2015,屏東縣,洋蔥,404.44,404.44,64443.22767,26063.419,,,,
2015,台東縣,洋蔥,28.55,28.55,43500,1241.925,,,,
2015,花蓮縣,洋蔥,0,0,0,0,,,,
2015,澎湖縣,洋蔥,0,0,0,0,,,,
2015,基隆市,洋蔥,0,0,0,0,,,,
2015,新竹市,洋蔥,0,0,0,0,,,,
2015,嘉義市,洋蔥,0,0,0,0,,,,
2015,金門縣,洋蔥,0,0,0,0,,,,
2015,連江縣,洋蔥,0,0,0,0,,,,
2015,新北市,韭菜,25.93,25.93,13021.48091,337.647,,,,
2015,台北市,韭菜,0.05,0.05,4800,0.24,,,,
2015,桃園市,韭菜,64.64,64.64,38941.67698,2517.19,,,,
2015,台中市,韭菜,18.44,18.44,12695.39046,234.103,,,,
2015,台南市,韭菜,1.88,1.88,10011.17021,18.821,,,,
2015,高雄市,韭菜,8.29,8.29,19048.49216,157.912,,,,
2015,宜蘭縣,韭菜,37.03,37.03,12645.09857,468.248,,,,
2015,新竹縣,韭菜,7.18,7.18,13596.79666,97.625,,,,
2015,苗栗縣,韭菜,2.54,2.54,16567.32283,42.081,,,,
2015,彰化縣,韭菜,654.88,654.13,41636.06623,27235.4,,,,
2015,南投縣,韭菜,0.45,0.45,30000,13.5,,,,
2015,雲林縣,韭菜,2.05,1.91,18979.05759,36.25,,,,
2015,嘉義縣,韭菜,0.4,0.4,8000,3.2,,,,
2015,屏東縣,韭菜,14.2,14.2,11090.14085,157.48,,,,
2015,台東縣,韭菜,5.5,5.5,19052.18182,104.787,,,,
2015,花蓮縣,韭菜,63.4,63.4,16514.02208,1046.989,,,,
2015,澎湖縣,韭菜,0.06,0.05,9700,0.485,,,,
2015,基隆市,韭菜,0.6,0.6,10496.66667,6.298,,,,
2015,新竹市,韭菜,0.12,0.12,12450,1.494,,,,
2015,嘉義市,韭菜,0,0,0,0,,,,
2015,金門縣,韭菜,0,0,0,0,,,,
2015,連江縣,韭菜,0,0,0,0,,,,
2015,新北市,蒜,20.09,20.09,12929.91538,259.762,,,,
2015,台北市,蒜,0.84,0.84,1350,1.134,,,,
2015,桃園市,蒜,3.83,3.83,14926.37076,57.168,,,,
2015,台中市,蒜,11.5,11.5,14385.65217,165.435,,,,
2015,台南市,蒜,1.42,1.42,20000,28.4,,,,
2015,高雄市,蒜,2.71,2.71,9450.184502,25.61,,,,
2015,宜蘭縣,蒜,145.5,145.3,21224.64556,3083.941,,,,
2015,新竹縣,蒜,9.29,9.29,15832.61572,147.085,,,,
2015,苗栗縣,蒜,12.09,12.09,15193.54839,183.69,,,,
2015,彰化縣,蒜,103.88,103.88,14717.47208,1528.851,,,,
2015,南投縣,蒜,127.56,127.56,15931.71841,2032.25,,,,
2015,雲林縣,蒜,217.51,217.51,22656.28707,4927.969,,,,
2015,嘉義縣,蒜,22.24,22.24,17375.26978,386.426,,,,
2015,屏東縣,蒜,0.1,0.1,16620,1.662,,,,
2015,台東縣,蒜,2.61,2.61,21000,54.81,,,,
2015,花蓮縣,蒜,5.6,5.6,9241.071429,51.75,,,,
2015,澎湖縣,蒜,2.7,2.7,10370.37037,28,,,,
2015,基隆市,蒜,0,0,0,0,,,,
2015,新竹市,蒜,0.62,0.62,13548.3871,8.4,,,,
2015,嘉義市,蒜,0.05,0.05,5800,0.29,,,,
2015,金門縣,蒜,1.7,1.7,23104.70588,39.278,,,,
2015,連江縣,蒜,0,0,0,0,,,,
2015,新北市,蒜頭,0,0,0,0,,,,
2015,台北市,蒜頭,0,0,0,0,,,,
2015,桃園市,蒜頭,0,0,0,0,,,,
2015,台中市,蒜頭,0,0,0,0,,,,
2015,台南市,蒜頭,275.61,275.61,8296.077791,2286.482,,,,
2015,高雄市,蒜頭,0.03,0.03,8100,0.243,,,,
2015,宜蘭縣,蒜頭,1.89,1.89,9370.37037,17.71,,,,
2015,新竹縣,蒜頭,0.24,0.24,6200,1.488,,,,
2015,苗栗縣,蒜頭,0,0,0,0,,,,
2015,彰化縣,蒜頭,185.09,185.09,9370.063212,1734.305,,,,
2015,南投縣,蒜頭,0,0,0,0,,,,
2015,雲林縣,蒜頭,3650.75,3650.75,12420.17503,45342.954,,,,
2015,嘉義縣,蒜頭,30.3,30.3,10130.69307,306.96,,,,
2015,屏東縣,蒜頭,0,0,0,0,,,,
2015,台東縣,蒜頭,2.14,2.14,6000,12.84,,,,
2015,花蓮縣,蒜頭,0.4,0.4,8900,3.56,,,,
2015,澎湖縣,蒜頭,0,0,0,0,,,,
2015,基隆市,蒜頭,0.02,0.02,9850,0.197,,,,
2015,新竹市,蒜頭,0,0,0,0,,,,
2015,嘉義市,蒜頭,0,0,0,0,,,,
2015,金門縣,蒜頭,1.59,1.59,5584.27673,8.879,,,,
2015,連江縣,蒜頭,0,0,0,0,,,,
2015,新北市,荸薺,0,0,0,0,,,,
2015,台北市,荸薺,0,0,0,0,,,,
2015,桃園市,荸薺,0,0,0,0,,,,
2015,台中市,荸薺,0,0,0,0,,,,
2015,台南市,荸薺,0,0,0,0,,,,
2015,高雄市,荸薺,0,0,0,0,,,,
2015,宜蘭縣,荸薺,0,0,0,0,,,,
2015,新竹縣,荸薺,0,0,0,0,,,,
2015,苗栗縣,荸薺,0,0,0,0,,,,
2015,彰化縣,荸薺,6.37,6.37,15651.49137,99.7,,,,
2015,南投縣,荸薺,0,0,0,0,,,,
2015,雲林縣,荸薺,0,0,0,0,,,,
2015,嘉義縣,荸薺,3.7,3.7,9702.702703,35.9,,,,
2015,屏東縣,荸薺,0,0,0,0,,,,
2015,台東縣,荸薺,0,0,0,0,,,,
2015,花蓮縣,荸薺,0,0,0,0,,,,
2015,澎湖縣,荸薺,0,0,0,0,,,,
2015,基隆市,荸薺,0,0,0,0,,,,
2015,新竹市,荸薺,0,0,0,0,,,,
2015,嘉義市,荸薺,0,0,0,0,,,,
2015,金門縣,荸薺,0,0,0,0,,,,
2015,連江縣,荸薺,0,0,0,0,,,,
2015,新北市,竹筍,3118.87,3070.82,4824.987137,14816.667,,,,
2015,台北市,竹筍,715.65,715.65,2974.351988,2128.595,,,,
2015,桃園市,竹筍,934.26,931.33,5186.911192,4830.726,,,,
2015,台中市,竹筍,1071.82,1065.22,10208.31753,10874.104,,,,
2015,台南市,竹筍,3872.11,3855.32,9527.111109,36730.062,,,,
2015,高雄市,竹筍,1699.23,1698.93,10736.33287,18240.278,,,,
2015,宜蘭縣,竹筍,248.23,248.23,9779.937961,2427.674,,,,
2015,新竹縣,竹筍,371.24,371.24,6587.560608,2445.566,,,,
2015,苗栗縣,竹筍,2431.38,2430.66,9231.55933,22438.782,,,,
2015,彰化縣,竹筍,326.12,326.12,12642.4629,4122.96,,,,
2015,南投縣,竹筍,2305,2305,8565.686768,19743.908,,,,
2015,雲林縣,竹筍,3731.52,3730.02,17929.32129,66876.727,,,,
2015,嘉義縣,竹筍,4935.42,4317.04,6934.213026,29935.275,,,,
2015,屏東縣,竹筍,428.86,428.86,11075.77997,4749.959,,,,
2015,台東縣,竹筍,232.97,232.97,6198.403228,1444.042,,,,
2015,花蓮縣,竹筍,685.47,685.17,6021.102792,4125.479,,,,
2015,澎湖縣,竹筍,0,0,0,0,,,,
2015,基隆市,竹筍,138.13,138.13,4497.849852,621.288,,,,
2015,新竹市,竹筍,22.72,22.72,5695.422535,129.4,,,,
2015,嘉義市,竹筍,85.27,85.27,9006.755013,768.006,,,,
2015,金門縣,竹筍,0,0,0,0,,,,
2015,連江縣,竹筍,0,0,0,0,,,,
2015,新北市,蘆筍,0.72,0.72,3216.666667,2.316,,,,
2015,台北市,蘆筍,0,0,0,0,,,,
2015,桃園市,蘆筍,0,0,0,0,,,,
2015,台中市,蘆筍,17.41,17.41,6651.63699,115.805,,,,
2015,台南市,蘆筍,102.9,102.9,6159.708455,633.834,,,,
2015,高雄市,蘆筍,9.89,9.89,5453.791709,53.938,,,,
2015,宜蘭縣,蘆筍,0.3,0.3,5333.333333,1.6,,,,
2015,新竹縣,蘆筍,0.13,0.13,7561.538462,0.983,,,,
2015,苗栗縣,蘆筍,0.6,0.6,3193.333333,1.916,,,,
2015,彰化縣,蘆筍,288.71,288.71,5002.791729,1444.356,,,,
2015,南投縣,蘆筍,3.1,3.1,5500,17.05,,,,
2015,雲林縣,蘆筍,39.35,39.35,5774.434562,227.224,,,,
2015,嘉義縣,蘆筍,86.38,86.38,4307.9185,372.118,,,,
2015,屏東縣,蘆筍,19.82,19.67,6253.889171,123.014,,,,
2015,台東縣,蘆筍,1.7,1.7,2964.705882,5.04,,,,
2015,花蓮縣,蘆筍,1.69,1.69,4431.952663,7.49,,,,
2015,澎湖縣,蘆筍,0,0,0,0,,,,
2015,基隆市,蘆筍,0,0,0,0,,,,
2015,新竹市,蘆筍,0.01,0.01,5000,0.05,,,,
2015,嘉義市,蘆筍,2.5,2.5,2800,7,,,,
2015,金門縣,蘆筍,0,0,0,0,,,,
2015,連江縣,蘆筍,0,0,0,0,,,,
2015,新北市,筊白筍,149.82,149.82,4820.277667,722.174,,,,
2015,台北市,筊白筍,6.66,6.66,18800.9009,125.214,,,,
2015,桃園市,筊白筍,33.43,33.43,13411.75591,448.355,,,,
2015,台中市,筊白筍,11.11,11.11,17391.08911,193.215,,,,
2015,台南市,筊白筍,0.57,0.57,11298.24561,6.44,,,,
2015,高雄市,筊白筍,0.2,0.2,15000,3,,,,
2015,宜蘭縣,筊白筍,35.99,35.99,11371.4643,409.259,,,,
2015,新竹縣,筊白筍,12.44,12.44,11044.61415,137.395,,,,
2015,苗栗縣,筊白筍,4.32,4.32,16761.57407,72.41,,,,
2015,彰化縣,筊白筍,1.97,1.97,22038.07107,43.415,,,,
2015,南投縣,筊白筍,1616.38,1616.38,23216.61057,37526.865,,,,
2015,雲林縣,筊白筍,0.06,0.06,9000,0.54,,,,
2015,嘉義縣,筊白筍,2.98,2.98,16416.10738,48.92,,,,
2015,屏東縣,筊白筍,0.75,0.75,12000,9,,,,
2015,台東縣,筊白筍,1.5,1.5,19200,28.8,,,,
2015,花蓮縣,筊白筍,8.01,8.01,7897.003745,63.255,,,,
2015,澎湖縣,筊白筍,0,0,0,0,,,,
2015,基隆市,筊白筍,0,0,0,0,,,,
2015,新竹市,筊白筍,2.91,2.91,11896.90722,34.62,,,,
2015,嘉義市,筊白筍,0.05,0.05,9100,0.455,,,,
2015,金門縣,筊白筍,0,0,0,0,,,,
2015,連江縣,筊白筍,0,0,0,0,,,,
2015,新北市,其他莖菜類,20.42,20.42,14059.6474,287.098,,,,
2015,台北市,其他莖菜類,38.04,38.04,6059.384858,230.499,,,,
2015,桃園市,其他莖菜類,95.44,95.44,14933.97946,1425.299,,,,
2015,台中市,其他莖菜類,7.39,7.39,13971.17727,103.247,,,,
2015,台南市,其他莖菜類,531.57,531.57,3327.292737,1768.689,,,,
2015,高雄市,其他莖菜類,194.08,194.08,20067.43611,3894.688,,,,
2015,宜蘭縣,其他莖菜類,18.8,18.8,12197.76596,229.318,,,,
2015,新竹縣,其他莖菜類,11.72,11.72,13965.87031,163.68,,,,
2015,苗栗縣,其他莖菜類,76.33,76.33,14532.08437,1109.234,,,,
2015,彰化縣,其他莖菜類,243.72,243.72,30475.74266,7427.548,,,,
2015,南投縣,其他莖菜類,10.25,10.25,12778.53659,130.98,,,,
2015,雲林縣,其他莖菜類,306.68,306.68,25704.65632,7883.104,,,,
2015,嘉義縣,其他莖菜類,183.22,183.22,13795.30619,2527.576,,,,
2015,屏東縣,其他莖菜類,8.99,8.99,12079.31034,108.593,,,,
2015,台東縣,其他莖菜類,9.3,9.3,10955.91398,101.89,,,,
2015,花蓮縣,其他莖菜類,62.28,62.28,10068.12781,627.043,,,,
2015,澎湖縣,其他莖菜類,8.88,8.88,9397.184685,83.447,,,,
2015,基隆市,其他莖菜類,0.09,0.09,9577.777778,0.862,,,,
2015,新竹市,其他莖菜類,1.72,1.72,12494.18605,21.49,,,,
2015,嘉義市,其他莖菜類,2.54,2.54,14142.12598,35.921,,,,
2015,金門縣,其他莖菜類,0.11,0.11,24300,2.673,,,,
2015,連江縣,其他莖菜類,0,0,0,0,,,,
2015,新北市,甘藍,103.71,103.71,33533.59367,3477.769,,,,
2015,台北市,甘藍,52.13,52.13,10119.7583,527.543,,,,
2015,桃園市,甘藍,84.53,84.51,25516.86191,2156.43,,,,
2015,台中市,甘藍,595.6,595.6,56005.57757,33356.922,,,,
2015,台南市,甘藍,407.91,407.91,46667.94881,19036.323,,,,
2015,高雄市,甘藍,165.08,165.08,39344.71165,6495.025,,,,
2015,宜蘭縣,甘藍,1244.76,1244.51,65544.40784,81570.671,,,,
2015,新竹縣,甘藍,129.03,129.03,35652.59242,4600.254,,,,
2015,苗栗縣,甘藍,123.46,123.46,33962.99206,4193.071,,,,
2015,彰化縣,甘藍,992.61,992.61,40547.41641,40247.771,,,,
2015,南投縣,甘藍,616.46,616.46,53180.78545,32783.827,,,,
2015,雲林縣,甘藍,1794.26,1794.26,50015.45038,89740.722,,,,
2015,嘉義縣,甘藍,362.7,362.7,52420.16267,19012.793,,,,
2015,屏東縣,甘藍,310.04,310.04,39979.77358,12395.329,,,,
2015,台東縣,甘藍,211.69,211.69,33040.63017,6994.371,,,,
2015,花蓮縣,甘藍,178.43,178.43,22428.38648,4001.897,,,,
2015,澎湖縣,甘藍,28.47,28.46,13898.45397,395.55,,,,
2015,基隆市,甘藍,0.58,0.58,10482.75862,6.08,,,,
2015,新竹市,甘藍,6.81,6.81,18775.47724,127.861,,,,
2015,嘉義市,甘藍,1.8,1.8,29366.66667,52.86,,,,
2015,金門縣,甘藍,5.28,5.28,27307.38636,144.183,,,,
2015,連江縣,甘藍,0,0,0,0,,,,
2015,新北市,大芥菜,55.87,55.87,16251.33345,907.962,,,,
2015,台北市,大芥菜,52.61,52.61,12116.06159,637.426,,,,
2015,桃園市,大芥菜,24.9,24.9,22523.09237,560.825,,,,
2015,台中市,大芥菜,5.11,5.11,17620.15656,90.039,,,,
2015,台南市,大芥菜,176.72,176.72,22605.21729,3994.794,,,,
2015,高雄市,大芥菜,33.25,33.25,15620.30075,519.375,,,,
2015,宜蘭縣,大芥菜,5.09,5.09,17475.44204,88.95,,,,
2015,新竹縣,大芥菜,37.61,37.07,22312.46291,827.123,,,,
2015,苗栗縣,大芥菜,39.98,39.98,29356.75338,1173.683,,,,
2015,彰化縣,大芥菜,65.2,65.2,37516.33436,2446.065,,,,
2015,南投縣,大芥菜,1.99,1.99,24984.92462,49.72,,,,
2015,雲林縣,大芥菜,215.51,215.51,23460.6886,5056.013,,,,
2015,嘉義縣,大芥菜,509.41,509.41,23261.25125,11849.514,,,,
2015,屏東縣,大芥菜,1.87,1.87,15255.61497,28.528,,,,
2015,台東縣,大芥菜,1.3,1.3,16953.84615,22.04,,,,
2015,花蓮縣,大芥菜,31.28,31.28,13531.93734,423.279,,,,
2015,澎湖縣,大芥菜,2,2,8838.5,17.677,,,,
2015,基隆市,大芥菜,1,1,9701,9.701,,,,
2015,新竹市,大芥菜,1.7,1.7,14294.11765,24.3,,,,
2015,嘉義市,大芥菜,2.32,2.32,21100,48.952,,,,
2015,金門縣,大芥菜,0.13,0.13,21669.23077,2.817,,,,
2015,連江縣,大芥菜,0,0,0,0,,,,
2015,新北市,結球白菜,37.25,37.25,31150.28188,1160.348,,,,
2015,台北市,結球白菜,54.2,54.2,14160.79336,767.515,,,,
2015,桃園市,結球白菜,15.43,15.43,17860.01296,275.58,,,,
2015,台中市,結球白菜,28.25,28.25,30406.0177,858.97,,,,
2015,台南市,結球白菜,9.47,9.47,40632.52376,384.79,,,,
2015,高雄市,結球白菜,26.09,26.09,33011.61365,861.273,,,,
2015,宜蘭縣,結球白菜,114.3,114.3,68783.64829,7861.971,,,,
2015,新竹縣,結球白菜,26.48,26.48,28358.38369,750.93,,,,
2015,苗栗縣,結球白菜,11.74,11.74,20956.55877,246.03,,,,
2015,彰化縣,結球白菜,497.13,497.13,40290.31843,20029.526,,,,
2015,南投縣,結球白菜,35.4,35.4,38889.54802,1376.69,,,,
2015,雲林縣,結球白菜,813.91,813.91,42945.30108,34953.61,,,,
2015,嘉義縣,結球白菜,81.67,81.67,43413.49333,3545.58,,,,
2015,屏東縣,結球白菜,65.98,65.98,36466.80812,2406.08,,,,
2015,台東縣,結球白菜,28.93,28.93,29238.19564,845.861,,,,
2015,花蓮縣,結球白菜,102.63,102.63,18769.23901,1926.287,,,,
2015,澎湖縣,結球白菜,0,0,0,0,,,,
2015,基隆市,結球白菜,0.01,0.01,10000,0.1,,,,
2015,新竹市,結球白菜,1.25,1.25,12000,15,,,,
2015,嘉義市,結球白菜,1.1,1.1,36100,39.71,,,,
2015,金門縣,結球白菜,4.07,4.07,28279.11548,115.096,,,,
2015,連江縣,結球白菜,0,0,0,0,,,,
2015,新北市,不結球白菜,233.96,233.96,16059.0571,3757.177,,,,
2015,台北市,不結球白菜,99.91,99.91,9012.531278,900.442,,,,
2015,桃園市,不結球白菜,488.72,488.72,20350.57906,9945.735,,,,
2015,台中市,不結球白菜,10.78,10.78,13494.15584,145.467,,,,
2015,台南市,不結球白菜,185.25,185.25,16492.38327,3055.214,,,,
2015,高雄市,不結球白菜,304.99,304.99,13374.53031,4079.098,,,,
2015,宜蘭縣,不結球白菜,4.73,4.73,13999.36575,66.217,,,,
2015,新竹縣,不結球白菜,24.56,24.56,15270.60261,375.046,,,,
2015,苗栗縣,不結球白菜,47.26,47.26,15538.78544,734.363,,,,
2015,彰化縣,不結球白菜,64.84,64.84,18362.21468,1190.606,,,,
2015,南投縣,不結球白菜,0.4,0.4,22500,9,,,,
2015,雲林縣,不結球白菜,2452.79,2452.79,19846.54169,48679.399,,,,
2015,嘉義縣,不結球白菜,9.32,9.32,13593.34764,126.69,,,,
2015,屏東縣,不結球白菜,46.19,46.19,12400.77939,572.792,,,,
2015,台東縣,不結球白菜,6.92,6.92,12878.90173,89.122,,,,
2015,花蓮縣,不結球白菜,154.09,154.09,12192.18638,1878.694,,,,
2015,澎湖縣,不結球白菜,36.46,36.41,7385.05905,268.89,,,,
2015,基隆市,不結球白菜,0.3,0.3,9913.333333,2.974,,,,
2015,新竹市,不結球白菜,1.56,1.56,10792.30769,16.836,,,,
2015,嘉義市,不結球白菜,0,0,0,0,,,,
2015,金門縣,不結球白菜,2.72,2.72,18056.61765,49.114,,,,
2015,連江縣,不結球白菜,0,0,0,0,,,,
2015,新北市,甕菜,121.89,121.89,16985.93814,2070.416,,,,
2015,台北市,甕菜,51.97,51.97,11707.10025,608.418,,,,
2015,桃園市,甕菜,204.85,204.85,19064.82792,3905.43,,,,
2015,台中市,甕菜,124.2,124.2,15580.08052,1935.046,,,,
2015,台南市,甕菜,96.57,96.57,25957.4402,2506.71,,,,
2015,高雄市,甕菜,68.47,68.47,12634.0295,865.052,,,,
2015,宜蘭縣,甕菜,13.1,13,21735.46154,282.561,,,,
2015,新竹縣,甕菜,15.6,15.6,12618.26923,196.845,,,,
2015,苗栗縣,甕菜,2.8,2.8,13284.64286,37.197,,,,
2015,彰化縣,甕菜,35.52,35.52,24965.73761,886.783,,,,
2015,南投縣,甕菜,30.41,30.41,16959.84873,515.749,,,,
2015,雲林縣,甕菜,1057.76,1057.76,16266.29008,17205.831,,,,
2015,嘉義縣,甕菜,41.1,41.1,12375.83942,508.647,,,,
2015,屏東縣,甕菜,24.14,24.14,12461.14333,300.812,,,,
2015,台東縣,甕菜,0.54,0.54,17537.03704,9.47,,,,
2015,花蓮縣,甕菜,14.79,14.79,10165.72008,150.351,,,,
2015,澎湖縣,甕菜,6.42,6.42,8026.479751,51.53,,,,
2015,基隆市,甕菜,0.14,0.14,10000,1.4,,,,
2015,新竹市,甕菜,0.97,0.97,11939.17526,11.581,,,,
2015,嘉義市,甕菜,0,0,0,0,,,,
2015,金門縣,甕菜,0.61,0.61,17634.42623,10.757,,,,
2015,連江縣,甕菜,0,0,0,0,,,,
2015,新北市,芹菜,23.86,23.86,13770.07544,328.554,,,,
2015,台北市,芹菜,16.87,16.87,10522.64375,177.517,,,,
2015,桃園市,芹菜,11.83,11.83,19517.32883,230.89,,,,
2015,台中市,芹菜,0.15,0.15,14500,2.175,,,,
2015,台南市,芹菜,11.07,11.07,26356.63957,291.768,,,,
2015,高雄市,芹菜,105.71,105.71,15701.40952,1659.796,,,,
2015,宜蘭縣,芹菜,1.19,1.19,20861.34454,24.825,,,,
2015,新竹縣,芹菜,6.65,6.65,14535.33835,96.66,,,,
2015,苗栗縣,芹菜,8.18,8.18,13916.87042,113.84,,,,
2015,彰化縣,芹菜,177.75,177.75,23651.50492,4204.055,,,,
2015,南投縣,芹菜,0,0,0,0,,,,
2015,雲林縣,芹菜,629.61,629.61,21450.7997,13505.638,,,,
2015,嘉義縣,芹菜,3.91,3.91,17090.79284,66.825,,,,
2015,屏東縣,芹菜,20.42,20.42,13167.48286,268.88,,,,
2015,台東縣,芹菜,1.2,1.2,14083.33333,16.9,,,,
2015,花蓮縣,芹菜,3.43,3.43,10429.15452,35.772,,,,
2015,澎湖縣,芹菜,1.53,1.53,8428.104575,12.895,,,,
2015,基隆市,芹菜,0.02,0.02,10000,0.2,,,,
2015,新竹市,芹菜,1.12,1.12,11552.67857,12.939,,,,
2015,嘉義市,芹菜,0,0,0,0,,,,
2015,金門縣,芹菜,0.57,0.57,21671.92982,12.353,,,,
2015,連江縣,芹菜,0,0,0,0,,,,
2015,新北市,其他葉菜類,923.15,923.15,14595.1698,13473.531,,,,
2015,台北市,其他葉菜類,326.84,326.84,8893.78595,2906.845,,,,
2015,桃園市,其他葉菜類,2855.46,2855.36,18190.49017,51940.398,,,,
2015,台中市,其他葉菜類,331.18,331.18,13102.36125,4339.24,,,,
2015,台南市,其他葉菜類,332.6,332.6,13390.93806,4453.826,,,,
2015,高雄市,其他葉菜類,719.48,719.48,12995.41891,9349.944,,,,
2015,宜蘭縣,其他葉菜類,372.14,371.99,14606.55663,5433.493,,,,
2015,新竹縣,其他葉菜類,204.04,204.04,13498.62282,2754.259,,,,
2015,苗栗縣,其他葉菜類,294.51,294.51,13865.76347,4083.606,,,,
2015,彰化縣,其他葉菜類,544.81,544.81,11500.79844,6265.75,,,,
2015,南投縣,其他葉菜類,318.61,318.61,16594.73023,5287.247,,,,
2015,雲林縣,其他葉菜類,8974.66,8972.93,17065.58181,153128.271,,,,
2015,嘉義縣,其他葉菜類,548.57,548.57,12508.55862,6861.82,,,,
2015,屏東縣,其他葉菜類,693.18,692.78,14892.8491,10317.468,,,,
2015,台東縣,其他葉菜類,65.01,65.01,5376.172896,349.505,,,,
2015,花蓮縣,其他葉菜類,763.81,763.61,8822.979008,6737.315,,,,
2015,澎湖縣,其他葉菜類,12.38,12.38,8128.675283,100.633,,,,
2015,基隆市,其他葉菜類,4.42,4.42,9874.660633,43.646,,,,
2015,新竹市,其他葉菜類,13.3,13.3,12272.03008,163.218,,,,
2015,嘉義市,其他葉菜類,1.7,1.7,10000,17,,,,
2015,金門縣,其他葉菜類,1.47,1.47,22427.21088,32.968,,,,
2015,連江縣,其他葉菜類,0,0,0,0,,,,
2015,新北市,花椰菜,29.81,29.81,13793.92821,411.197,,,,
2015,台北市,花椰菜,8.44,8.44,8914.691943,75.24,,,,
2015,桃園市,花椰菜,6.36,6.36,16827.04403,107.02,,,,
2015,台中市,花椰菜,8.55,8.55,17273.21637,147.686,,,,
2015,台南市,花椰菜,65.63,65.63,20158.09843,1322.976,,,,
2015,高雄市,花椰菜,487.72,487.72,22763.8071,11102.364,,,,
2015,宜蘭縣,花椰菜,4.72,4.72,15498.30508,73.152,,,,
2015,新竹縣,花椰菜,14.04,14.04,16381.83761,230.001,,,,
2015,苗栗縣,花椰菜,27.53,27.53,20684.88921,569.455,,,,
2015,彰化縣,花椰菜,1064.23,1064.23,30118.78353,32053.313,,,,
2015,南投縣,花椰菜,3.7,3.7,18770.27027,69.45,,,,
2015,雲林縣,花椰菜,638.51,638.51,23325.16954,14893.354,,,,
2015,嘉義縣,花椰菜,868.51,868.51,22179.56155,19263.171,,,,
2015,屏東縣,花椰菜,3.36,3.36,17269.64286,58.026,,,,
2015,台東縣,花椰菜,16.87,16.87,27013.93005,455.725,,,,
2015,花蓮縣,花椰菜,15.35,15.35,11566.51466,177.546,,,,
2015,澎湖縣,花椰菜,21.05,21.05,9563.705463,201.316,,,,
2015,基隆市,花椰菜,0,0,0,0,,,,
2015,新竹市,花椰菜,2.62,2.62,11272.1374,29.533,,,,
2015,嘉義市,花椰菜,0.8,0.8,24262.5,19.41,,,,
2015,金門縣,花椰菜,2.73,2.73,19556.41026,53.389,,,,
2015,連江縣,花椰菜,0,0,0,0,,,,
2015,新北市,金針菜,9.11,9.05,993.1491713,8.988,,,,
2015,台北市,金針菜,0.65,0.65,669.2307692,0.435,,,,
2015,桃園市,金針菜,0.58,0.58,460.3448276,0.267,,,,
2015,台中市,金針菜,0.07,0.07,714.2857143,0.05,,,,
2015,台南市,金針菜,0.4,0.4,1200,0.48,,,,
2015,高雄市,金針菜,4.91,4.91,621.3849287,3.051,,,,
2015,宜蘭縣,金針菜,0.12,0.12,375,0.045,,,,
2015,新竹縣,金針菜,0.86,0.86,784.8837209,0.675,,,,
2015,苗栗縣,金針菜,6.18,6.18,766.0194175,4.734,,,,
2015,彰化縣,金針菜,0.12,0.12,600,0.072,,,,
2015,南投縣,金針菜,24.37,24.37,793.680755,19.342,,,,
2015,雲林縣,金針菜,13.87,13.87,959.9134823,13.314,,,,
2015,嘉義縣,金針菜,8.19,8.19,487.3015873,3.991,,,,
2015,屏東縣,金針菜,0,0,0,0,,,,
2015,台東縣,金針菜,71.49,61.49,955.6513254,58.763,,,,
2015,花蓮縣,金針菜,511.55,445.83,515.3107687,229.741,,,,
2015,澎湖縣,金針菜,0,0,0,0,,,,
2015,基隆市,金針菜,0.19,0.19,800,0.152,,,,
2015,新竹市,金針菜,0,0,0,0,,,,
2015,嘉義市,金針菜,0.9,0.9,1200,1.08,,,,
2015,金門縣,金針菜,0,0,0,0,,,,
2015,連江縣,金針菜,0,0,0,0,,,,
2015,新北市,越瓜,0,0,0,0,,,,
2015,台北市,越瓜,0,0,0,0,,,,
2015,桃園市,越瓜,1.76,1.76,16647.72727,29.3,,,,
2015,台中市,越瓜,4.09,4.09,13757.21271,56.267,,,,
2015,台南市,越瓜,3.99,3.99,13566.41604,54.13,,,,
2015,高雄市,越瓜,12.35,12.35,22550.8502,278.503,,,,
2015,宜蘭縣,越瓜,0.62,0.62,14512.90323,8.998,,,,
2015,新竹縣,越瓜,1.68,1.68,13428.57143,22.56,,,,
2015,苗栗縣,越瓜,1.56,1.56,17525.64103,27.34,,,,
2015,彰化縣,越瓜,31.41,31.41,18939.82808,594.9,,,,
2015,南投縣,越瓜,0.4,0.4,12150,4.86,,,,
2015,雲林縣,越瓜,69.06,69.06,18062.7715,1247.415,,,,
2015,嘉義縣,越瓜,77.92,77.92,14068.72433,1096.235,,,,
2015,屏東縣,越瓜,12.27,12.27,16840.7498,206.636,,,,
2015,台東縣,越瓜,0,0,0,0,,,,
2015,花蓮縣,越瓜,0.16,0.16,12662.5,2.026,,,,
2015,澎湖縣,越瓜,8.48,8.48,6764.622642,57.364,,,,
2015,基隆市,越瓜,0,0,0,0,,,,
2015,新竹市,越瓜,1.3,1.3,13000,16.9,,,,
2015,嘉義市,越瓜,0.9,0.9,18000,16.2,,,,
2015,金門縣,越瓜,0,0,0,0,,,,
2015,連江縣,越瓜,0,0,0,0,,,,
2015,新北市,胡瓜,41.95,41.95,11435.01788,479.699,,,,
2015,台北市,胡瓜,0.15,0.15,3366.666667,0.505,,,,
2015,桃園市,胡瓜,5.97,5.97,14631.49079,87.35,,,,
2015,台中市,胡瓜,9.6,9.6,16308.75,156.564,,,,
2015,台南市,胡瓜,53.34,53.34,20287.83277,1082.153,,,,
2015,高雄市,胡瓜,300.35,299.95,25261.19353,7577.095,,,,
2015,宜蘭縣,胡瓜,11.51,11.49,15517.31941,178.294,,,,
2015,新竹縣,胡瓜,7.75,7.75,11927.09677,92.435,,,,
2015,苗栗縣,胡瓜,94.56,94.56,17113.43063,1618.246,,,,
2015,彰化縣,胡瓜,249.4,249.4,22577.94707,5630.94,,,,
2015,南投縣,胡瓜,132.58,132.58,15616.23925,2070.401,,,,
2015,雲林縣,胡瓜,272.59,272.26,18626.33145,5071.205,,,,
2015,嘉義縣,胡瓜,109.01,109.01,17276.75443,1883.339,,,,
2015,屏東縣,胡瓜,810.81,810.59,25772.28809,20890.759,,,,
2015,台東縣,胡瓜,10.71,10.71,17649.85994,189.03,,,,
2015,花蓮縣,胡瓜,34.02,34.02,13211.61082,449.459,,,,
2015,澎湖縣,胡瓜,3.12,3.01,6369.767442,19.173,,,,
2015,基隆市,胡瓜,1.03,1.03,9853.398058,10.149,,,,
2015,新竹市,胡瓜,1.4,1.4,10000,14,,,,
2015,嘉義市,胡瓜,0.5,0.5,18000,9,,,,
2015,金門縣,胡瓜,0.65,0.65,17616.92308,11.451,,,,
2015,連江縣,胡瓜,0,0,0,0,,,,
2015,新北市,冬瓜,66.04,66.04,11971.09328,790.571,,,,
2015,台北市,冬瓜,5.39,5.39,13612.80148,73.373,,,,
2015,桃園市,冬瓜,11.39,11.39,16540.4741,188.396,,,,
2015,台中市,冬瓜,107.18,107.18,24394.08472,2614.558,,,,
2015,台南市,冬瓜,8.14,8.14,19356.26536,157.56,,,,
2015,高雄市,冬瓜,61.34,61.34,31622.64428,1939.733,,,,
2015,宜蘭縣,冬瓜,21.1,21.05,22680.57007,477.426,,,,
2015,新竹縣,冬瓜,10.15,10.15,15631.52709,158.66,,,,
2015,苗栗縣,冬瓜,74.16,74.16,22636.62352,1678.732,,,,
2015,彰化縣,冬瓜,188.06,188.06,29035.41423,5460.4,,,,
2015,南投縣,冬瓜,0,0,0,0,,,,
2015,雲林縣,冬瓜,44.76,44.76,22384.96425,1001.951,,,,
2015,嘉義縣,冬瓜,48.73,48.73,22454.31972,1094.199,,,,
2015,屏東縣,冬瓜,198.03,198.03,20003.8479,3961.362,,,,
2015,台東縣,冬瓜,99.22,99.22,22123.81576,2195.125,,,,
2015,花蓮縣,冬瓜,128.29,128.29,17286.42139,2217.675,,,,
2015,澎湖縣,冬瓜,1.58,1.27,8703.937008,11.054,,,,
2015,基隆市,冬瓜,0,0,0,0,,,,
2015,新竹市,冬瓜,2.49,2.49,14115.66265,35.148,,,,
2015,嘉義市,冬瓜,0.3,0.3,19500,5.85,,,,
2015,金門縣,冬瓜,0.65,0.65,22100,14.365,,,,
2015,連江縣,冬瓜,0,0,0,0,,,,
2015,新北市,苦瓜,13.81,13.81,10951.33961,151.238,,,,
2015,台北市,苦瓜,0.19,0.19,7321.052632,1.391,,,,
2015,桃園市,苦瓜,1.01,1.01,15960.39604,16.12,,,,
2015,台中市,苦瓜,167.44,167.44,17306.74271,2897.841,,,,
2015,台南市,苦瓜,33.5,33.5,18966.62687,635.382,,,,
2015,高雄市,苦瓜,139.2,139.2,18207.06178,2534.423,,,,
2015,宜蘭縣,苦瓜,6.28,6.28,14839.80892,93.194,,,,
2015,新竹縣,苦瓜,13.2,13.2,11951.06061,157.754,,,,
2015,苗栗縣,苦瓜,62.74,62.74,15460.61524,969.999,,,,
2015,彰化縣,苦瓜,254.14,253.14,21374.08549,5410.636,,,,
2015,南投縣,苦瓜,98.47,98.47,15829.73494,1558.754,,,,
2015,雲林縣,苦瓜,30.69,30.69,13821.99413,424.197,,,,
2015,嘉義縣,苦瓜,126.19,126.19,14325.95293,1807.792,,,,
2015,屏東縣,苦瓜,583.62,582.62,17959.09512,10463.328,,,,
2015,台東縣,苦瓜,7.22,7.22,26847.64543,193.84,,,,
2015,花蓮縣,苦瓜,34.55,34.55,10711.25904,370.074,,,,
2015,澎湖縣,苦瓜,1.46,1.46,6400,9.344,,,,
2015,基隆市,苦瓜,0.05,0.05,10000,0.5,,,,
2015,新竹市,苦瓜,0.7,0.7,9642.857143,6.75,,,,
2015,嘉義市,苦瓜,3.6,3.6,18000,64.8,,,,
2015,金門縣,苦瓜,0.27,0.27,21755.55556,5.874,,,,
2015,連江縣,苦瓜,0,0,0,0,,,,
2015,新北市,茄子,28.51,28.51,9932.935812,283.188,,,,
2015,台北市,茄子,4.55,4.55,7374.285714,33.553,,,,
2015,桃園市,茄子,1.33,1.33,12030.07519,16,,,,
2015,台中市,茄子,15.07,15.07,12453.35103,187.672,,,,
2015,台南市,茄子,9.2,9.2,15940.54348,146.653,,,,
2015,高雄市,茄子,102.98,102.98,15055.74869,1550.441,,,,
2015,宜蘭縣,茄子,3.05,3.05,12972.45902,39.566,,,,
2015,新竹縣,茄子,8.51,8.51,11174.85311,95.098,,,,
2015,苗栗縣,茄子,6.57,6.57,9949.010654,65.365,,,,
2015,彰化縣,茄子,192.26,192.26,22504.16103,4326.65,,,,
2015,南投縣,茄子,119.57,119.57,14263.4691,1705.483,,,,
2015,雲林縣,茄子,98.71,98.71,17374.94681,1715.081,,,,
2015,嘉義縣,茄子,12.12,12.12,16578.21782,200.928,,,,
2015,屏東縣,茄子,566.43,566.25,26372.46093,14933.406,,,,
2015,台東縣,茄子,3.13,3.13,14298.40256,44.754,,,,
2015,花蓮縣,茄子,20.83,20.83,7751.176188,161.457,,,,
2015,澎湖縣,茄子,0,0,0,0,,,,
2015,基隆市,茄子,0.04,0.04,9575,0.383,,,,
2015,新竹市,茄子,0.7,0.7,8500,5.95,,,,
2015,嘉義市,茄子,0,0,0,0,,,,
2015,金門縣,茄子,0.46,0.46,17106.52174,7.869,,,,
2015,連江縣,茄子,0,0,0,0,,,,
2015,新北市,菜豆,42.73,42.73,9527.381231,407.105,,,,
2015,台北市,菜豆,2.1,2.1,6154.285714,12.924,,,,
2015,桃園市,菜豆,2.09,2.09,14808.61244,30.95,,,,
2015,台中市,菜豆,7.04,7.04,12074.85795,85.007,,,,
2015,台南市,菜豆,14.81,14.81,14789.60162,219.034,,,,
2015,高雄市,菜豆,174.68,174.68,12414.47218,2168.56,,,,
2015,宜蘭縣,菜豆,6.04,6.04,12263.24503,74.07,,,,
2015,新竹縣,菜豆,6.47,6.47,9523.956723,61.62,,,,
2015,苗栗縣,菜豆,10.09,10.09,8211.298315,82.852,,,,
2015,彰化縣,菜豆,120.19,120.19,12935.59364,1554.729,,,,
2015,南投縣,菜豆,3.31,3.31,10827.79456,35.84,,,,
2015,雲林縣,菜豆,97.69,97.54,11759.35001,1147.007,,,,
2015,嘉義縣,菜豆,29.83,29.83,10551.72645,314.758,,,,
2015,屏東縣,菜豆,332.52,332.47,10972.82762,3648.136,,,,
2015,台東縣,菜豆,6.9,6.9,5489.130435,37.875,,,,
2015,花蓮縣,菜豆,14.15,14.15,9051.872792,128.084,,,,
2015,澎湖縣,菜豆,16.63,16.63,6706.133494,111.523,,,,
2015,基隆市,菜豆,0.02,0.02,10000,0.2,,,,
2015,新竹市,菜豆,1.1,1.1,9000,9.9,,,,
2015,嘉義市,菜豆,0.7,0.7,15000,10.5,,,,
2015,金門縣,菜豆,0.34,0.34,16217.64706,5.514,,,,
2015,連江縣,菜豆,0,0,0,0,,,,
2015,新北市,豌豆,2.86,2.86,9338.811189,26.709,,,,
2015,台北市,豌豆,0.1,0.1,8000,0.8,,,,
2015,桃園市,豌豆,0.07,0.07,10857.14286,0.76,,,,
2015,台中市,豌豆,3.82,3.82,8561.518325,32.705,,,,
2015,台南市,豌豆,0.7,0.7,7557.142857,5.29,,,,
2015,高雄市,豌豆,2.3,2.3,7341.304348,16.885,,,,
2015,宜蘭縣,豌豆,0,0,0,0,,,,
2015,新竹縣,豌豆,0.75,0.75,7880,5.91,,,,
2015,苗栗縣,豌豆,0,0,0,0,,,,
2015,彰化縣,豌豆,411.28,411.28,8113.037347,3336.73,,,,
2015,南投縣,豌豆,14.59,14.59,10125.08568,147.725,,,,
2015,雲林縣,豌豆,15.09,15.09,7991.782638,120.596,,,,
2015,嘉義縣,豌豆,9.6,9.6,5583.333333,53.6,,,,
2015,屏東縣,豌豆,0,0,0,0,,,,
2015,台東縣,豌豆,0.92,0.92,8218.478261,7.561,,,,
2015,花蓮縣,豌豆,1.8,1.8,8702.777778,15.665,,,,
2015,澎湖縣,豌豆,0,0,0,0,,,,
2015,基隆市,豌豆,0,0,0,0,,,,
2015,新竹市,豌豆,0,0,0,0,,,,
2015,嘉義市,豌豆,0,0,0,0,,,,
2015,金門縣,豌豆,0.31,0.31,7477.419355,2.318,,,,
2015,連江縣,豌豆,0,0,0,0,,,,
2015,新北市,毛豆,0,0,0,0,,,,
2015,台北市,毛豆,0,0,0,0,,,,
2015,桃園市,毛豆,0,0,0,0,,,,
2015,台中市,毛豆,0.92,0.92,9556.521739,8.792,,,,
2015,台南市,毛豆,104.01,104.01,7133.381406,741.943,,,,
2015,高雄市,毛豆,1434.15,1434.15,10112.45825,14502.782,,,,
2015,宜蘭縣,毛豆,0,0,0,0,,,,
2015,新竹縣,毛豆,0,0,0,0,,,,
2015,苗栗縣,毛豆,0,0,0,0,,,,
2015,彰化縣,毛豆,125.35,125.35,7900.390905,990.314,,,,
2015,南投縣,毛豆,0,0,0,0,,,,
2015,雲林縣,毛豆,1298.65,1298.65,6919.926847,8986.563,,,,
2015,嘉義縣,毛豆,617.68,617.68,9828.972931,6071.16,,,,
2015,屏東縣,毛豆,4661,4661,6677.963742,31125.989,,,,
2015,台東縣,毛豆,0,0,0,0,,,,
2015,花蓮縣,毛豆,0,0,0,0,,,,
2015,澎湖縣,毛豆,0,0,0,0,,,,
2015,基隆市,毛豆,0,0,0,0,,,,
2015,新竹市,毛豆,0,0,0,0,,,,
2015,嘉義市,毛豆,0,0,0,0,,,,
2015,金門縣,毛豆,0,0,0,0,,,,
2015,連江縣,毛豆,0,0,0,0,,,,
2015,新北市,番茄,0.9,0.9,10918.88889,9.827,,,,
2015,台北市,番茄,21.45,21.45,17107.78555,366.962,,,,
2015,桃園市,番茄,32.95,32.95,18594.99241,612.705,,,,
2015,台中市,番茄,106.84,106.84,20871.21864,2229.881,,,,
2015,台南市,番茄,869.3,869.3,28515.53894,24788.558,,,,
2015,高雄市,番茄,827.71,827.71,26668.4503,22073.743,,,,
2015,宜蘭縣,番茄,89.65,89.65,26744.96375,2397.686,,,,
2015,新竹縣,番茄,48.29,48.29,21784.30317,1051.964,,,,
2015,苗栗縣,番茄,250.61,250.61,23024.20494,5770.096,,,,
2015,彰化縣,番茄,378.22,378.07,26521.70233,10027.06,,,,
2015,南投縣,番茄,440.32,439.97,26454.45144,11639.165,,,,
2015,雲林縣,番茄,548.75,548.75,26596.50478,14594.832,,,,
2015,嘉義縣,番茄,937.97,937.97,21242.66768,19924.985,,,,
2015,屏東縣,番茄,116.28,116.28,24941.31407,2900.176,,,,
2015,台東縣,番茄,165.27,165.27,30043.54087,4965.296,,,,
2015,花蓮縣,番茄,55.88,55.88,13227.73801,739.166,,,,
2015,澎湖縣,番茄,10.81,10.81,9237.002775,99.852,,,,
2015,基隆市,番茄,0,0,0,0,,,,
2015,新竹市,番茄,0.39,0.39,12384.61538,4.83,,,,
2015,嘉義市,番茄,4.27,4.27,18492.03747,78.961,,,,
2015,金門縣,番茄,0.5,0.5,24348,12.174,,,,
2015,連江縣,番茄,0,0,0,0,,,,
2015,新北市,番椒,1.51,1.51,8766.225166,13.237,,,,
2015,台北市,番椒,8.75,8.75,10305.71429,90.175,,,,
2015,桃園市,番椒,2.65,2.65,6328.301887,16.77,,,,
2015,台中市,番椒,88.27,88.27,9650.209584,851.824,,,,
2015,台南市,番椒,142.08,141.88,9328.798985,1323.57,,,,
2015,高雄市,番椒,206.01,206.01,8833.566332,1819.803,,,,
2015,宜蘭縣,番椒,3.9,3.9,9026.666667,35.204,,,,
2015,新竹縣,番椒,12.66,12.66,13536.49289,171.372,,,,
2015,苗栗縣,番椒,41.9,41.9,8479.02148,355.271,,,,
2015,彰化縣,番椒,69.22,69.22,8714.331118,603.206,,,,
2015,南投縣,番椒,427.06,427.06,15000.66267,6406.183,,,,
2015,雲林縣,番椒,317.89,317.89,12725.88317,4045.431,,,,
2015,嘉義縣,番椒,503.71,503.71,8417.817792,4240.139,,,,
2015,屏東縣,番椒,342.25,342.25,10602.05113,3628.552,,,,
2015,台東縣,番椒,81.87,81.87,7784.805179,637.342,,,,
2015,花蓮縣,番椒,63.14,62.64,9350.159642,585.694,,,,
2015,澎湖縣,番椒,3.23,3.23,6358.823529,20.539,,,,
2015,基隆市,番椒,0.01,0.01,5000,0.05,,,,
2015,新竹市,番椒,0,0,0,0,,,,
2015,嘉義市,番椒,2.5,2.5,6451.2,16.128,,,,
2015,金門縣,番椒,0.51,0.51,9437.254902,4.813,,,,
2015,連江縣,番椒,0,0,0,0,,,,
2015,新北市,洋香瓜,0.04,0.04,18200,0.728,,,,
2015,台北市,洋香瓜,0.06,0.06,9500,0.57,,,,
2015,桃園市,洋香瓜,36.4,36.4,18796.01648,684.175,,,,
2015,台中市,洋香瓜,25.96,25.96,14178.698,368.079,,,,
2015,台南市,洋香瓜,1682.85,1682.81,12949.95157,21792.308,,,,
2015,高雄市,洋香瓜,177.16,177.16,12705.83089,2250.965,,,,
2015,宜蘭縣,洋香瓜,39.57,39.2,13441.27551,526.898,,,,
2015,新竹縣,洋香瓜,25.47,25.47,14850.41225,378.24,,,,
2015,苗栗縣,洋香瓜,1.24,1.24,9842.741935,12.205,,,,
2015,彰化縣,洋香瓜,119.97,119.97,25208.8022,3024.3,,,,
2015,南投縣,洋香瓜,0.2,0.2,12500,2.5,,,,
2015,雲林縣,洋香瓜,418.61,418.61,18272.75268,7649.157,,,,
2015,嘉義縣,洋香瓜,370.21,370.21,12625.45852,4674.071,,,,
2015,屏東縣,洋香瓜,6.17,6.17,12884.44084,79.497,,,,
2015,台東縣,洋香瓜,0,0,0,0,,,,
2015,花蓮縣,洋香瓜,5.91,2.51,7000,17.57,,,,
2015,澎湖縣,洋香瓜,42.52,42.39,10091.48384,427.778,,,,
2015,基隆市,洋香瓜,0,0,0,0,,,,
2015,新竹市,洋香瓜,0,0,0,0,,,,
2015,嘉義市,洋香瓜,0,0,0,0,,,,
2015,金門縣,洋香瓜,0,0,0,0,,,,
2015,連江縣,洋香瓜,0,0,0,0,,,,
2015,新北市,西瓜,52.5,52.49,14611.67841,766.967,,,,
2015,台北市,西瓜,0,0,0,0,,,,
2015,桃園市,西瓜,159.79,159.79,20542.11778,3282.425,,,,
2015,台中市,西瓜,429.29,429.29,27808.10874,11937.743,,,,
2015,台南市,西瓜,2204.05,2202.75,13358.41834,29425.256,,,,
2015,高雄市,西瓜,695.4,695.4,14100.40552,9805.422,,,,
2015,宜蘭縣,西瓜,699.69,699.53,29637.94262,20732.63,,,,
2015,新竹縣,西瓜,43.77,43.77,21653.87252,947.79,,,,
2015,苗栗縣,西瓜,338.31,338.31,21075.76188,7130.141,,,,
2015,彰化縣,西瓜,487.11,487.11,23292.22352,11345.875,,,,
2015,南投縣,西瓜,9,9,17555.55556,158,,,,
2015,雲林縣,西瓜,1851.39,1851.39,21359.55795,39544.872,,,,
2015,嘉義縣,西瓜,878.69,878.69,15760.10425,13848.246,,,,
2015,屏東縣,西瓜,978.9,978.9,16739.92849,16386.716,,,,
2015,台東縣,西瓜,123.5,123.5,25233.22267,3116.303,,,,
2015,花蓮縣,西瓜,2225.57,1883.03,25770.37063,48526.381,,,,
2015,澎湖縣,西瓜,50.66,49.56,8568.422115,424.651,,,,
2015,基隆市,西瓜,0,0,0,0,,,,
2015,新竹市,西瓜,1.6,1.6,16000,25.6,,,,
2015,嘉義市,西瓜,0,0,0,0,,,,
2015,金門縣,西瓜,3.43,3.43,17904.95627,61.414,,,,
2015,連江縣,西瓜,0,0,0,0,,,,
2015,新北市,香瓜,2.13,2.13,9957.746479,21.21,,,,
2015,台北市,香瓜,0.18,0.18,7677.777778,1.382,,,,
2015,桃園市,香瓜,7.72,7.72,16608.80829,128.22,,,,
2015,台中市,香瓜,38.13,38.13,15400.81301,587.233,,,,
2015,台南市,香瓜,174.14,174.14,12562.86896,2187.698,,,,
2015,高雄市,香瓜,532.24,532.24,12076.85067,6427.783,,,,
2015,宜蘭縣,香瓜,43.65,43.33,14010.73159,607.085,,,,
2015,新竹縣,香瓜,6.93,6.93,10171.71717,70.49,,,,
2015,苗栗縣,香瓜,35.08,35.08,6608.893957,231.84,,,,
2015,彰化縣,香瓜,247.71,247.71,17990.35162,4456.39,,,,
2015,南投縣,香瓜,1.86,1.86,11553.76344,21.49,,,,
2015,雲林縣,香瓜,456.84,456.84,16811.66054,7680.239,,,,
2015,嘉義縣,香瓜,318.58,318.58,10292.98763,3279.14,,,,
2015,屏東縣,香瓜,335.13,335.13,12411.68203,4159.527,,,,
2015,台東縣,香瓜,0.22,0.22,10200,2.244,,,,
2015,花蓮縣,香瓜,1.52,0.8,13625,10.9,,,,
2015,澎湖縣,香瓜,0,0,0,0,,,,
2015,基隆市,香瓜,0,0,0,0,,,,
2015,新竹市,香瓜,0,0,0,0,,,,
2015,嘉義市,香瓜,0.3,0.3,8376.666667,2.513,,,,
2015,金門縣,香瓜,0.4,0.4,14700,5.88,,,,
2015,連江縣,香瓜,0,0,0,0,,,,
2015,新北市,草莓,0.08,0.08,5050,0.404,,,,
2015,台北市,草莓,1.07,1.07,11555.14019,12.364,,,,
2015,桃園市,草莓,1.39,1.39,6992.805755,9.72,,,,
2015,台中市,草莓,5.56,5.56,12267.26619,68.206,,,,
2015,台南市,草莓,6.32,6.32,12724.68354,80.42,,,,
2015,高雄市,草莓,3.62,3.62,11000,39.82,,,,
2015,宜蘭縣,草莓,0,0,0,0,,,,
2015,新竹縣,草莓,13.25,13.25,9406.566038,124.637,,,,
2015,苗栗縣,草莓,408.54,408.54,18945.35908,7739.937,,,,
2015,彰化縣,草莓,0.65,0.65,4500,2.925,,,,
2015,南投縣,草莓,10.97,10.97,9743.846855,106.89,,,,
2015,雲林縣,草莓,2.13,2.13,6352.112676,13.53,,,,
2015,嘉義縣,草莓,1.1,1.1,7000,7.7,,,,
2015,屏東縣,草莓,0.25,0.25,8832,2.208,,,,
2015,台東縣,草莓,1,1,11550,11.55,,,,
2015,花蓮縣,草莓,3.1,3.1,9885.483871,30.645,,,,
2015,澎湖縣,草莓,0,0,0,0,,,,
2015,基隆市,草莓,0,0,0,0,,,,
2015,新竹市,草莓,0,0,0,0,,,,
2015,嘉義市,草莓,0,0,0,0,,,,
2015,金門縣,草莓,0,0,0,0,,,,
2015,連江縣,草莓,0,0,0,0,,,,
2015,新北市,其他果菜類,289.02,289.02,10727.49291,3100.46,,,,
2015,台北市,其他果菜類,82.03,82.03,8694.709253,713.227,,,,
2015,桃園市,其他果菜類,29.83,29.83,14295.50788,426.435,,,,
2015,台中市,其他果菜類,216.75,216.75,13326.18224,2888.45,,,,
2015,台南市,其他果菜類,1522.77,1521.67,15124.99359,23015.249,,,,
2015,高雄市,其他果菜類,1067.87,1066.04,13886.54366,14803.611,,,,
2015,宜蘭縣,其他果菜類,131.05,131.05,14780.12209,1936.935,,,,
2015,新竹縣,其他果菜類,39.62,39.62,12437.75871,492.784,,,,
2015,苗栗縣,其他果菜類,181.88,181.88,13632.48296,2479.476,,,,
2015,彰化縣,其他果菜類,561.29,558.99,19746.3765,11038.027,,,,
2015,南投縣,其他果菜類,1276.27,1276.27,14923.39865,19046.286,,,,
2015,雲林縣,其他果菜類,917.93,917.93,20000.47716,18359.038,,,,
2015,嘉義縣,其他果菜類,1327.94,1327.94,12681.79361,16840.661,,,,
2015,屏東縣,其他果菜類,1633.95,1631.32,14098.9769,22999.943,,,,
2015,台東縣,其他果菜類,304.32,302.42,16727.82223,5058.828,,,,
2015,花蓮縣,其他果菜類,663.42,660.92,14955.68753,9884.513,,,,
2015,澎湖縣,其他果菜類,46.13,45.4,11069.31718,502.547,,,,
2015,基隆市,其他果菜類,4.09,4.09,9864.547677,40.346,,,,
2015,新竹市,其他果菜類,7.24,7.24,12191.29834,88.265,,,,
2015,嘉義市,其他果菜類,20.23,20.23,15271.23085,308.937,,,,
2015,金門縣,其他果菜類,2.9,2.9,21467.58621,62.256,,,,
2015,連江縣,其他果菜類,0,0,0,0,,,,
